director_name,actor_1_name,actor_2_name,actor_3_name,movie_title,genres
Joachim Rønning,Johnny Depp,Javier Bardem,Geoffrey Rush,Pirates of the Caribbean: Dead Men Tell No Tales,Adventure Action Fantasy Comedy
Zack Snyder,Ben Affleck,Henry Cavill,Gal Gadot,Justice League,Action Adventure Fantasy Science Fiction
Taika Waititi,Chris Hemsworth,Tom Hiddleston,Cate Blanchett,Thor: Ragnarok,Action Adventure Fantasy Science Fiction
James Gunn,Chris Pratt,Zoe Saldana,Dave Bautista,Guardians of the Galaxy Vol. 2,Action Adventure Comedy Science Fiction
Sean McNamara,Pierce Brosnan,William Hurt,Benjamin Walker,The King's Daughter,Fantasy Action Adventure
Adam Spinks,Ben Loyd-Holmes,Sarah Mac,Neil Newbon,Extinction: Nature Has Evolved,Thriller Adventure
Rucha Humnabadkar,Ali Fazal,Melanie Chandra,Omi Vaidya,For Here or to Go?,Drama Comedy
Sarik Andreasyan,Anton Pampushnyy,Sanzhar Madiyev,Sebastien Sisak,Guardians,Action Fantasy Science Fiction
Peter Hutchings,Victoria Justice,Eden Sher,Ashley Rickards,The Outcasts,Comedy
Patty Jenkins,Gal Gadot,Chris Pine,Robin Wright,Wonder Woman,Action Adventure Fantasy
Kevin Munroe,Chris Murphy,Ian James Corlett,Matt Olsen,Sly Cooper,Animation Adventure Comedy Action Family
James Ponsoldt,Emma Watson,Tom Hanks,John Boyega,The Circle,Drama Thriller Science Fiction
Trish Sie,Anna Kendrick,Rebel Wilson,Brittany Snow,Pitch Perfect 3,Comedy
Not Available,Donnie Yen,Not Available,Not Available,The Master,
Sean Byrne,Ethan Embry,Shiri Appleby,Kiara Glasco,The Devil's Candy,Horror
Roberto Doveris,Violeta Castillo,Ingrid Isensee,Mauricio Vaca,Las Plantas,Drama
Lloyd Kaufman,Asta Paredes,Catherine Corcoran,Zac Amino,"Return to Return to Nuke 'Em High, aka Volume 2",Comedy Horror
David Jackson,Amanda Leighton,Samantha Boscarino,Hannah Kasulka,The Cheerleader Murders,TV Movie Thriller
Demetri Martin,Demetri Martin,Gillian Jacobs,Christine Woods,Dean,Comedy
Alexandre Bustillo,Stephen Dorff,Lili Taylor,Sam Strike,Leatherface,Horror
Johannes Roberts,Claire Holt,Mandy Moore,Chris Johnson,47 Meters Down,Drama Thriller Horror Adventure
Gabe Klinger,Lucie Lucas,Anton Yelchin,Paulo Calatré,Porto,Romance Drama
Aaron Leong,Sean O'Donnell,Alexandria DeBerry,Gary Busey,Mamaboy,Comedy Drama Family Fantasy Romance Science Fiction
Olivia Neergaard-Holm,David Lynch,Not Available,Not Available,David Lynch: The Art Life,Documentary
Terry George,Oscar Isaac,Charlotte Le Bon,Christian Bale,The Promise,History Romance Drama
Benny Boom,Demetrius Shipp Jr.,Danai Gurira,Kat Graham,All Eyez on Me,Drama Music
Nacho Vigalondo,Anne Hathaway,Jason Sudeikis,Tim Blake Nelson,Colossal,Action Comedy Drama Fantasy Science Fiction
Terrence Malick,Cate Blanchett,Konstantin Khabenskiy,Not Available,Voyage of Time: Life's Journey,Documentary Drama
Derrick Borte,Jonathan Rhys Meyers,Daniel Huttlestone,Dougray Scott,London Town,Drama Music
Martin Koolhoven,Guy Pearce,Dakota Fanning,Carice van Houten,Brimstone,Mystery Thriller Western
Alex Helfrecht,Agyness Deyn,Jonathan Pryce,Fiona Shaw,The White King,Drama Science Fiction
Laura Poitras,Julian Assange,Sarah Harrison,Jacob Appelbaum,Risk,Documentary
Sara Jordenö,Not Available,Not Available,Not Available,Kiki,Documentary
Eddie O'Keefe,Emily Browning,Luke Grimes,Ron Livingston,Shangri-La Suite,Romance Drama Crime
Ralitza Petrova,Irena Ivanova,Ivan Nalbantov,Ventzislav Konstantinov,Godless,Drama
Peter Chelsom,Asa Butterfield,Britt Robertson,Carla Gugino,The Space Between Us,Romance Adventure Science Fiction Drama
Sonia Kennebeck,Jesselyn Radack,Not Available,Not Available,National Bird,Documentary
Raoul Peck,Samuel L. Jackson,James Baldwin,Malcolm X,I Am Not Your Negro,Documentary
Ceyda Torun,Bülent Üstün,Not Available,Not Available,Kedi,Documentary
Lasse Hallström,Dennis Quaid,Britt Robertson,Josh Gad,A Dog's Purpose,Comedy Drama Family Fantasy
Julian Rosefeldt,Cate Blanchett,Erika Bauer,Ruby Bustamante,Manifesto,Drama
Jeff Baena,Alison Brie,Dave Franco,Aubrey Plaza,The Little Hours,Comedy
Richie Keen,Charlie Day,Ice Cube,Tracy Morgan,Fist Fight,Comedy
Baran bo Odar,Jamie Foxx,Michelle Monaghan,Dermot Mulroney,Sleepless,Action Crime Thriller
Gore Verbinski,Dane DeHaan,Jason Isaacs,Mia Goth,A Cure for Wellness,Mystery Thriller Horror Science Fiction
Charlotte Sieling,Jakob Oftebro,Ane Dahl Torp,Søren Malling,The Man,Drama Comedy
D.J. Caruso,Vin Diesel,Ice Cube,Samuel L. Jackson,xXx: Return of Xander Cage,Action Adventure Crime
Stacy Title,Douglas Smith,Lucien Laviscount,Cressida Bonas,The Bye Bye Man,Horror Thriller
Alice Lowe,Alice Lowe,Jo Hartley,Kate Dickie,Prevenge,Horror Comedy Drama Thriller Fantasy
Chris McKay,Will Arnett,Zach Galifianakis,Michael Cera,The Lego Batman Movie,Action Animation Comedy Family Fantasy
Stephan Streker,Lina El Arabi,Sébastien Houbani,Babak Karimi,A Wedding,Drama
Stanley Tong,Jackie Chan,Disha Patani,Sonu Sood,Kung Fu Yoga,Mystery Action Adventure Comedy
Vishal Bhardwaj,Saif Ali Khan,Shahid Kapoor,Kangana Ranaut,Rangoon,War History Drama Romance
G.J. Echternkamp,Manu Bennett,Malcolm McDowell,Marci Miller,Death Race 2050,Action Comedy Science Fiction
Adam Smith,Michael Fassbender,Brendan Gleeson,Lyndsey Marshal,Trespass Against Us,Action Drama Crime Thriller
Lisa Robinson,Betsy Brandt,Chris Beetem,Zev Haworth,Claire in Motion,Drama
Emily Hagins,Alex Saxon,Alexis G. Zall,Sasha Pieterse,Coin Heist,Family Crime
F. Javier Gutiérrez,Matilda Anna Ingrid Lutz,Alex Roe,Johnny Galecki,Rings,Horror
Alistair Legrand,Vinessa Shaw,Kevin Rahm,Aaron Stanford,Clinical,Thriller
Jeannie Gaffigan,Jim Gaffigan,Not Available,Not Available,Jim Gaffigan: Cinco,Comedy
Bruno Garotti,Michel Joelsas,Alessandra Negrini,Marcello Airoldi,Eu Fico Loko,Comedy
Aram Rappaport,Frank Grillo,Minnie Driver,AnnaSophia Robb,The Crash,Crime Thriller
Tatsuya Oishi,Hiroshi Kamiya,Yui Horie,Maaya Sakamoto,Kizumonogatari Part 3: Reiketsu,Animation Fantasy Mystery
Chad Stahelski,Keanu Reeves,Common,Laurence Fishburne,John Wick: Chapter 2,Thriller Action Crime
Jordan Peele,Daniel Kaluuya,Allison Williams,Bradley Whitford,Get Out,Mystery Thriller Horror
James Mangold,Hugh Jackman,Patrick Stewart,Dafne Keen,Logan,Action Drama Science Fiction
Jordan Vogt-Roberts,Tom Hiddleston,Samuel L. Jackson,Brie Larson,Kong: Skull Island,Action Adventure Fantasy
Pete Travis,Riz Ahmed,Billie Piper,James Floyd,City of Tiny Lights,Crime Drama Thriller
Danny Boyle,Ewan McGregor,Jonny Lee Miller,Ewen Bremner,T2 Trainspotting,Crime Drama
Shane Abbess,Kellan Lutz,Daniel MacPherson,Isabel Lucas,Science Fiction Volume One: The Osiris Child,Science Fiction
Ry Russo-Young,Zoey Deutch,Halston Sage,Logan Miller,Before I Fall,Mystery Drama Thriller
Michael Showalter,Kumail Nanjiani,Zoe Kazan,Holly Hunter,The Big Sick,Comedy Drama Romance
Matt Spicer,Aubrey Plaza,Elizabeth Olsen,O'Shea Jackson Jr.,Ingrid Goes West,Drama Comedy
Macon Blair,Melanie Lynskey,Elijah Wood,David Yow,I Don't Feel at Home in This World Anymore,Comedy Crime Drama Thriller
Guy Ritchie,Charlie Hunnam,Astrid Bergès-Frisbey,Jude Law,King Arthur: Legend of the Sword,Action Drama Fantasy
Bill Condon,Emma Watson,Dan Stevens,Luke Evans,Beauty and the Beast,Family Fantasy Romance
Chester Tam,Stella Maeve,Andy Samberg,Josh Peck,Take the 10,Comedy
Tom McGrath,Alec Baldwin,Miles Bakshi,Jimmy Kimmel,The Boss Baby,Animation Comedy Family
Jay Oliva,Matt Ryan,Jason O'Mara,Camilla Luddington,Justice League Dark,Action Animation Fantasy Science Fiction Thriller
Sotiris Tsafoulias,Pigmalion Dadakaridis,Dimitris Katalifos,Manos Vakousis,The other me,Thriller Mystery
Rahul Jain,Not Available,Not Available,Not Available,Machines,Documentary
Luca Guadagnino,Timothée Chalamet,Armie Hammer,Michael Stuhlbarg,Call Me by Your Name,Romance Drama
Adam Randall,Bill Milner,Maisie Williams,Rory Kinnear,iBoy,Action Crime Science Fiction Thriller
Salvatore Ficarra,Salvatore Ficarra,Valentino Picone,Vincenzo Amato,L'ora legale,Comedy
Onur Tukel,Sandra Oh,Anne Heche,Alicia Silverstone,Catfight,Comedy Drama
David Lowery,Casey Affleck,Rooney Mara,Will Oldham,A Ghost Story,Drama Fantasy Romance
Rupert Sanders,Scarlett Johansson,Michael Pitt,Pilou Asbæk,Ghost in the Shell,Action Science Fiction Thriller
Matt Murphy,Dean O'Gorman,James Rolleston,Ashleigh Cummings,Pork Pie,Action Comedy Crime
Jay Karas,Bill Burr,Not Available,Not Available,Bill Burr: Walk Your Way Out,Comedy
Karyn Kusama,Natalie Brown,Melanie Lynskey,Breeda Wool,XX,Horror
Shaad Ali,Aditya Roy Kapoor,Shraddha Kapoor,Leela Samson,Ok Jaanu,Drama Romance
James Foley,Dakota Johnson,Jamie Dornan,Eric Johnson,Fifty Shades Darker,Drama Romance
Craig Johnson,Woody Harrelson,Sandy Oian-Thomas,Shaun Brown,Wilson,Drama Comedy
Fyodor Bondarchuk,Rinal Mukhametov,Sergey Garmash,Oleg Menshikov,Attraction,Drama Romance Science Fiction
Pascal Bourdiaux,Jean Reno,Reem Kherici,Camille Chamoux,Family Heist,Comedy
Caradog W. James,Katee Sackhoff,Lucy Boynton,Javier Botet,Don't Knock Twice,Horror
Ido Fluk,Dan Stevens,Malin Åkerman,Kerry Bishé,The Ticket,Drama
Ed Gass-Donnelly,Abbie Cornish,Dermot Mulroney,Diego Klattenhoff,Lavender,Drama Thriller
Christopher Smith,Tye Sheridan,Bel Powley,Emory Cohen,Detour,Thriller
Bill Purple,Jason Sudeikis,Maisie Williams,Jessica Biel,The Book of Love,Drama
Aki Kaurismäki,Sakari Kuosmanen,Sherwan Haji,Simon Al-Bazoon,The Other Side of Hope,Comedy Drama
Banks Tarver,Donald Trump,Not Available,Not Available,Trumped: Inside the Greatest Political Upset of All Time,Documentary
Alex Grossman,Troy Doherty,Flavia Watson,Raychel Diane Weiner,Hickey,Comedy
Вера Кричевская,Not Available,Not Available,Not Available,The Man Who Was Too Free,Documentary
Arnaud des Pallières,Adèle Exarchopoulos,Adèle Haenel,Solène Rigot,Orphan,Drama
Martín Hodara,Ricardo Darín,Leonardo Sbaraglia,Laia Costa,Black Snow,Mystery Drama Crime Thriller
Neal Brennan,Neal Brennan,Not Available,Not Available,Neal Brennan: 3 Mics,Comedy
Akiva Schaffer,Michael Bolton,Adam Scott,Sarah Shahi,"Michael Bolton's Big, Sexy Valentine's Day Special",Comedy Music
Evan Oppenheimer,Brett Dalton,Emily Atack,Stana Katic,Lost in Florence,Adventure Drama Romance
Ben Browder,Gina Gershon,Sean Astin,Sammi Hanratty,Bad Kids of Crestview Academy,Mystery Comedy Thriller Science Fiction Fantasy
Sydney Sibilia,Edoardo Leo,Valerio Aprea,Stefano Fresi,Smetto quando voglio: Masterclass,Action Comedy Crime
Oliver Schmitz,Andrea Riseborough,Steve Coogan,Deon Lotz,Shepherds and Butchers,Drama
James Franco,James Franco,Nat Wolff,Selena Gomez,In Dubious Battle,Drama
Cate Shortland,Teresa Palmer,Max Riemelt,Matthias Habich,Berlin Syndrome,Mystery Thriller Drama Horror
Roland Vranik,Not Available,Not Available,Not Available,The Citizen,Drama
Jenny Gage,Dusty Rose Ryan,Lena M.,Ginger Leigh Ryan,All This Panic,Documentary
Joel David Moore,Frank Langella,Billy Crudup,Christina Applegate,Youth in Oregon,Comedy Drama
Terrence Malick,Michael Fassbender,Ryan Gosling,Rooney Mara,Song to Song,Drama Music Romance
Marti Noxon,Lily Collins,Carrie Preston,Lili Taylor,To the Bone,Drama
Michael Stephenson,Bob Odenkirk,Amber Tamblyn,Natasha Lyonne,Girlfriend's Day,Comedy Drama
Liu Jian,Yang Siming,Cao Kou,Ma Xiaofeng,Have a Nice Day,Animation Crime
Anne Hamilton,Peyton Kennedy,Richard Schiff,Kip Pardue,American Fable,Drama Thriller
Colin Dench,Katherine Ryan,Not Available,Not Available,Katherine Ryan: In Trouble,Comedy
Marc Rothemund,Kostja Ullmann,Anna Maria Mühe,Jacob Matschenz,My Blind Date with Life,Comedy
Mirjana Karanović,Mirjana Karanović,Boris Isaković,Marko Nikolić,A Good Wife,Drama
Agnieszka Holland,Agnieszka Mandat-Grabka,Wiktor Zborowski,Jakub Gierszał,Spoor,Crime Drama Mystery Thriller
Francis Lee,Josh O'Connor,Alec Secareanu,Ian Hart,God's Own Country,Romance Drama
Sebastián Lelio,Daniela Vega,Francisco Reyes,Luis Gnecco,A Fantastic Woman,Drama
Teresa Villaverde,João Pedro Vaz,Alice Albergaria Borges,Beatriz Batarda,Colo,Drama
Călin Peter Netzer,Mircea Postelnicu,Diana Cavallioti,Carmen Tănase,"Ana, My Love",Drama
Rezo Gigineishvili,Irakli Kvirikadze,Tinatin Dalakishvili,Merab Ninidze,Hostages,Drama
So Yong Kim,Jena Malone,Riley Keough,Jessie Ok Gray,Lovesong,Drama Romance
Lance Bangs,Jen Kirkman,Not Available,Not Available,Jen Kirkman: Just Keep Livin',Comedy
Vladimir Besedin,Aleksandr Gorbatov,Ivan Fominov,Anton Kuznetsov,Major Grom,Action Adventure Science Fiction Drama
Peter W. Kunhardt,Warren Buffett,Susan Buffett,Bill Gates,Becoming Warren Buffett,Documentary
Catalina Aguilar Mastretta,Karla Souza,José María Yazpik,Ben O'Toole,Everybody Loves Somebody,Romance Comedy
Dany Boon,Alice Pol,Dany Boon,Michel Blanc,R.A.I.D. Special Unit,Action Comedy
Leslie Libman,Natasha Bassett,Jenna Berman,Matthew Harrison,Britney Ever After,Drama TV Movie
Gil Cunha,Nick Cannon,Not Available,Not Available,"Nick Cannon: Stand Up, Don't Shoot",Comedy
Kerstin Karlhuber,Tom Wopat,Michael Grant,Gregory Harrison,Fair Haven,Family Drama
Barak Goodman,Not Available,Not Available,Not Available,Oklahoma City,Documentary
Alexandre Arpentinier,Benoît Allemane,Gabriel Bismuth-Bienaimé,Not Available,Asteria,Animation Comedy Science Fiction
Destin Cretton,Brie Larson,Woody Harrelson,Naomi Watts,The Glass Castle,Drama
Thomas Torrey,Thomas Torrey,Katherine Drew,J.R. Adduci,Fare,Drama Thriller
Dome Karukoski,Pekka Strang,Lauri Tilkanen,Jakob Oftebro,Tom of Finland,Drama
Scott Freiman,Scott Freiman,Janet Maslin,Not Available,Deconstructing Sgt. Pepper's Lonely Hearts Club Band,
Kris Avedisian,Louisa Krause,Allie Marshall,Ariana DeFusco,Donald Cried,Drama Comedy
Mike Dudko,Rachel Barrer,Gleb Kaminer,Shaun Rey,Zombie Pizza,Horror Comedy
Lone Scherfig,Gemma Arterton,Sam Claflin,Bill Nighy,Their Finest,Romance War Comedy Drama
Joseph Ruben,Michiel Huisman,Hera Hilmar,Josh Hartnett,The Ottoman Lieutenant,Romance Drama War
William Oldroyd,Florence Pugh,Cosmo Jarvis,Paul Hilton,Lady Macbeth,Drama
Ritesh Batra,Jim Broadbent,Charlotte Rampling,Harriet Walter,The Sense of an Ending,Mystery Drama
Susan Johnson,Bel Powley,Nathan Lane,Gabriel Byrne,Carrie Pilby,Drama Comedy
James Franco,James Franco,Tim Blake Nelson,Lori Singer,The Institute,Thriller
Filippo Capuzzi Lapietra,Felipe Castanhari,Rafinha Bastos,PC Siqueira,Internet - O Filme,Comedy
Mehdi Idir,Pablo Pauly,Soufiane Guerrab,Moussa Mansaly,Patients,Drama Comedy
Stuart Hazeldine,Sam Worthington,Octavia Spencer,Tim McGraw,The Shack,Drama Fantasy
Svyatoslav Podgayevskiy,Victoria Agalakova,Vyacheslav Chepurchenko,Alexandra Rebenok,The Bride,Mystery Horror Thriller
Daniel Espinosa,Jake Gyllenhaal,Rebecca Ferguson,Ryan Reynolds,Life,Horror Science Fiction Thriller
Sanjay Gupta,Hrithik Roshan,Yami Gautam,Ronit Roy,Kaabil,Action Crime Romance
Bryan Brewer,Cree Kelly,Allie Rivera,Thatcher Robinson,The Raking,Horror
J.D. Dillard,Jacob Latimore,Seychelle Gabriel,Sasheer Zamata,Sleight,Drama Thriller Action Science Fiction
Shannon Hartman,Kurt Braunohler,Not Available,Not Available,Kurt Braunohler: Trust Me,Comedy
Sarah Adina Smith,Rami Malek,DJ Qualls,Kate Lyn Sheil,Buster's Mal Heart,Mystery Drama
Han Jae-rim,Jo In-sung,Jung Woo-sung,Bae Seong-woo,The King,Drama Crime
David Ryan Keith,Michael Koltes,Paul Flannery,Lisa Livingstone,Ghosts of Darkness,Horror
Dean Israelite,Dacre Montgomery,Naomi Scott,RJ Cyler,Power Rangers,Action Adventure Science Fiction
Ridley Scott,Michael Fassbender,Katherine Waterston,Billy Crudup,Alien: Covenant,Horror Science Fiction Thriller
Massimiliano Bruno,Marco Giallini,Alessandro Gassman,Teresa Romagnoli,Beata ignoranza,Comedy
Ben Wheatley,Sharlto Copley,Armie Hammer,Brie Larson,Free Fire,Action Comedy Crime Thriller
Kitty Green,Hannah Cagwin,Aeona Cruz,Liv Bagley,Casting JonBenet,Documentary
Etienne Comar,Reda Kateb,Cécile de France,Àlex Brendemühl,Django,Drama
Amy Schumer,Amy Schumer,Not Available,Not Available,Amy Schumer: The Leather Special,Comedy
Samuli Valkama,Noah Kin,Heikki Nousiainen,Mikko Nousiainen,Unexpected Journey,Comedy Drama
Oren Moverman,Richard Gere,Laura Linney,Steve Coogan,The Dinner,Drama Thriller
Josef Hader,Josef Hader,Georg Friedrich,Crina Semciuc,Wild Mouse,Comedy Crime Drama
Brian Vernick,Cheryl M. Bailey,Louis Ballezzi,Shawn Bittenbender,The Avenue,Crime Drama
Steven C. Miller,Nicolas Cage,Christopher Rob Bowen,Adrian Grenier,Arsenal,Action Crime Thriller
Adolfo Martínez Pérez,Ariadna Gil,Roberto Álamo,Antonio Garrido,Rescue Under Fire,War
Shannon Hartman,Jim Norton,Not Available,Not Available,Jim Norton: Mouthful of Shame,Comedy
Vanessa Parise,Haley Pullos,Judd Nelson,Sasha Clements,From Straight A's to XXX,Drama
Fernando González Molina,Marta Etura ,Elvira Mínguez,Francesc Orella,The Invisible Guardian,Thriller
Lu Chuan,John Krasinski,Zhou Xun,Not Available,Born in China,Documentary
Aaron Katz,Lola Kirke,Zoë Kravitz,John Cho,Gemini,Thriller
David Paul Meyer,Trevor Noah,Not Available,Not Available,Trevor Noah: Afraid of the Dark,Comedy
Fiona Gordon,Fiona Gordon,Dominique Abel,Emmanuelle Riva,Lost in Paris,Comedy
Stan Lathan,Dave Chappelle,Not Available,Not Available,Dave Chappelle: The Age of Spin,Comedy
Francis Whately,Tony Visconti,Gail Ann Dorsey,Tony Basil,David Bowie: The Last Five Years,Music Documentary
Amanda Kernell,Lene Cecilia Sparrok,Mia Sparrok,Maj-Doris Rimpi,Sami Blood,Drama
Andrew Getty,Fred Koehler,Sean Patrick Flanery,Brianna Brown,The Evil Within,Horror
Mark Pellington,Shirley MacLaine,Amanda Seyfried,Anne Heche,The Last Word,Comedy Drama
Dax Shepard,Michael Peña,Dax Shepard,Jessica McNamee,CHiPS,Action Comedy Crime
Jeffrey Blitz,Anna Kendrick,Craig Robinson,June Squibb,Table 19,Comedy Drama
Zach Braff,Morgan Freeman,Michael Caine,Alan Arkin,Going in Style,Crime Comedy Drama
Geoffrey Orthwein,Maika Monroe,Matt O'Leary,Arnar Jónsson,Bokeh,Drama Science Fiction Thriller
Philippe Lacheau,Philippe Lacheau,Élodie Fontan,Julien Arruti,Alibi.com,Comedy
Stan Lathan,Dave Chappelle,Not Available,Not Available,Dave Chappelle: Deep in the Heart of Texas,Comedy
Gavin Wiesen,J.K. Simmons,Analeigh Tipton,Emile Hirsch,All Nighter,Comedy
Nicolas Bedos,Nicolas Bedos,Doria Tillier,Denis Podalydès,Mr & Mme Adelman,Romance Drama Comedy
Sydney Freeland,Ashleigh Murray,Rachel Crow,Tim Blake Nelson,Deidra & Laney Rob a Train,Drama Comedy Crime
Simon Amstell,Simon Amstell,Linda Bassett,Martin Freeman,Carnage: Swallowing the Past,Science Fiction Comedy Documentary
Tommy O'Haver,Melissa Leo,Josh Lucas,Michael Chernus,The Most Hated Woman in America,Crime Drama
George Mendeluk,Max Irons,Samantha Barks,Terence Stamp,Bitter Harvest,War Drama History Romance
Johnny Martin,Nicolas Cage,Deborah Kara Unger,Anna Hutchison,Vengeance: A Love Story,Action Thriller
Álex de la Iglesia,Mario Casas,Blanca Suárez,Carmen Machi,The Bar,Horror Thriller Comedy
Ned Crowley,Jim O'Heir,Andrew J. West,Josh McDermitt,Middle Man,Drama Comedy Crime Thriller
Nathan Adloff,Tim Boardman,Missi Pyle,Stephen Root,Miles,Drama
Kelly Asbury,Julia Roberts,Ariel Winter,Ellie Kemper,Smurfs: The Lost Village,Adventure Animation Comedy Family
Charlie McDowell,Jason Segel,Rooney Mara,Robert Redford,The Discovery,Drama Romance Science Fiction Thriller
Gurinder Chadha,Hugh Bonneville,Gillian Anderson,Michael Gambon,Viceroy's House,Drama History
Alec Su,Nick Wang,Zhang Lu-Yi,Ruby Lin,The Devotion of Suspect X,Mystery Thriller
Niki Caro,Jessica Chastain,Johan Heldenbergh,Daniel Brühl,The Zookeeper's Wife,Drama History
Miguel A. Ferrer,Amy Johnston,Cortney Palm,Rey Goyos,Female Fight Club,Drama Action
Robert Legato,Eliza Dushku,Robert Patrick,Chace Crawford,Eloise,Horror Mystery Thriller
Marc Webb,Chris Evans,Mckenna Grace,Lindsay Duncan,Gifted,Drama
Sam Liu,Stuart Allan,Jake T. Austin,Taissa Farmiga,Teen Titans: The Judas Contract,Science Fiction Animation Action
Louis C.K.,Louis C.K.,Not Available,Not Available,Louis C.K. 2017,Comedy
Joaquín Gutiérrez Acha,Carlos De Hita,Not Available,Not Available,Cantábrico: Los dominios del oso pardo,Documentary
Elliott Lester,Arnold Schwarzenegger,Scoot McNairy,Maggie Grace,Aftermath,Drama Thriller
Ole Bornedal,Nicolas Bro,Ulrich Thomsen,Mia Lyhne,Small Town Killers,Comedy Crime Drama
Ricardo Herrera,Andy Goldenberg,Emily Roya O'Brien,Nick Armstrong,The Bigfoot Project,Comedy
Jon Gunn,Mike Vogel,Erika Christensen,Faye Dunaway,The Case for Christ,Drama
Leif Tilden,Graham Rogers,Billy Crudup,Liana Liberato,1 Mile to You,Drama Romance
Aaron Woodley,Jessica Biel,Hilary Swank,Susan Sarandon,Spark: A Space Tail,Adventure Animation Comedy Family Science Fiction
Stella Meghie,Amandla Stenberg,Nick Robinson,Anika Noni Rose,"Everything, Everything",Drama Romance
David Bowers,Jason Ian Drucker,Owen Asztalos,Charlie Wright,Diary of a Wimpy Kid: The Long Haul,Comedy Family
Alain Gomis,Véro Tshanda Beya Mputu,Gaetan Claudia,Papi Mpaka,Félicité,Drama
Andrey Volgin,Agniya Ditkovskite,Denis Shvedov,Anvar Khalilulaev,Dance to Death,Action Fantasy
Dmitriy Kiselev,Evgeny Mironov,Konstantin Khabenskiy,Vladimir Ilin,The Spacewalker,Adventure Drama History
Seth Gordon,Dwayne Johnson,Zac Efron,Alexandra Daddario,Baywatch,Action Comedy
Denise Di Novi,Rosario Dawson,Katherine Heigl,Geoff Stults,Unforgettable,Drama Thriller
Jonathan Levine,Amy Schumer,Goldie Hawn,Tom Bateman,Snatched,Action Comedy
Alex Kurtzman,Tom Cruise,Russell Crowe,Annabelle Wallis,The Mummy,Thriller Action Adventure
Alastair Orr,Sharni Vinson,Carlyn Burchell,Steve John Ward,From a House on Willow Street,Action Horror
F. Gary Gray,Vin Diesel,Jason Statham,Dwayne Johnson,The Fate of the Furious,Action Crime Thriller
Bryce Wagoner,Ginger Lynn Allen,Lisa Ann,Janine Lindemulder,After Porn Ends 2,Documentary
Gerard McMurray,Trevor Jackson,Alfre Woodard,Steve Harris,Burning Sands,Drama
Ian Truitner,Sunny Mabrey,Lance Broadway,T.J. Hoban,Teleios,Science Fiction
Steven Brill,Adam Sandler,Kevin James,Terry Crews,Sandy Wexler,Comedy
Phil Volken,Bethany Joy Lenz,Danny Glover,Tim Griffin,Extortion,Action Adventure Crime Drama Thriller
Ted Braun,William Ackman,Not Available,Not Available,Betting on Zero,Documentary
Michael O'Shea,Eric Ruffin,Chloe Levine,Aaron Moten,The Transfiguration,Horror Drama
Carson D. Mell,Steve Zissis,Mark Proksch,Jennifer Irwin,Another Evil,Comedy Horror
Joe Swanberg,Jake Johnson,Aislinn Derbez,Joe Lo Truglio,Win It All,Comedy
David Soren,Kevin Hart,Ed Helms,Thomas Middleditch,Captain Underpants: The First Epic Movie,Action Animation Comedy Family
Carlos Bolado,Martha Higareda,Alfonso Dosal,Christian Vazquez,3 Idiotas,Family Comedy
Zoe Lister-Jones,Zoe Lister-Jones,Adam Pally,Fred Armisen,Band Aid,Comedy
Trey Edward Shults,Joel Edgerton,Christopher Abbott,Carmen Ejogo,It Comes at Night,Horror Mystery Thriller
Gabriela Cowperthwaite,Kate Mara,Ramón Rodríguez,Tom Felton,Megan Leavey,Drama War
Roger Michell,Rachel Weisz,Sam Claflin,Holliday Grainger,My Cousin Rachel,Drama Romance
Doug Archibald,Artemis Pebdani,Sasha Mitchell,Angela Trimbur,I Love You Both,Comedy
Ari Issler,Victor Almanzar,Shirley Rumierk,Elizabeth Rodriguez,11:55,Drama Crime
Brian Fee,Owen Wilson,Cristela Alonzo,Chris Cooper,Cars 3,Family Comedy Animation Adventure
Aisling Walsh,Sally Hawkins,Ethan Hawke,Gabrielle Rose,Maudie,Drama History Romance
Takanori Tsujimoto,Kevin Dorman,Matthew Mercer,Erin Cahill,Resident Evil: Vendetta,Action Adventure Animation Horror Mystery Science Fiction
Fred Wolf,Leah Remini,Charlotte McKinney,Charlie Sheen,Mad Families,Comedy
Luc Bondy,Isabelle Huppert,Louis Garrel,Bulle Ogier,False Confessions,Drama Comedy
James Nunn,Mike Mizanin,Anna Van Hooft,Maryse Ouellet Mizanin,The Marine 5: Battleground,Action
Robert Conway,Monica Engesser,Clint James,Maria Olsen,The Covenant,Horror
Savage Steve Holland,Jace Norman,Davis Cleveland,Haley Tju,Rufus 2,Family Fantasy Comedy
Colin Trevorrow,Naomi Watts,Jaeden Lieberher,Jacob Tremblay,The Book of Henry,Thriller Drama Crime
Brett Haley,Sam Elliott,Laura Prepon,Nick Offerman,The Hero,Drama
Matt Tyrnauer,Thomas Campanella,Mindy Fullilove,Alexander Garvin,Citizen Jane: Battle for the City,Documentary
Doug Liman,Aaron Taylor-Johnson,John Cena,Laith Nakli,The Wall,Drama Thriller War
Salamat Mukhammed-Ali,Armand Assante,Karlygash Mukhamedzhanova,Alexey Frandetti,Diamond Cartel,Action
Stergios Paschos,Haris Fragoulis,Iro Bezou,Not Available,Afterlov,Drama Comedy
Justin Barber,Florence Hartigan,Jeanine Jackson,Chelsea Lopez,Phoenix Forgotten,Horror Mystery Science Fiction
Eduardo Casanova,Jon Kortajarena,Candela Peña,Ana Polvorosa,Skins,Drama Comedy
George C. Wolfe,Rose Byrne,Renée Elise Goldsberry,Oprah Winfrey,The Immortal Life of Henrietta Lacks,Drama
Elina Hirvonen,Not Available,Not Available,Not Available,Boiling Point,Documentary
Jason Connery,Peter Mullan,Jack Lowden,Ophelia Lovibond,Tommy's Honour,Drama Romance
John Butler,Nicholas Galitzine,Fionn O'Shea,Moe Dunford,Handsome Devil,Drama
Ricardo de Montreuil,Demián Bichir,Gabriel Chavarria,Theo Rossi,Lowriders,Drama
Stefan Ruzowitzky,Violetta Schurawlow,Tobias Moretti,Robert Palfrader,Cold Hell,Thriller
Vincent J. Guastini,Cortney Palm,David Hull,Emilia Zoryan,The Dark Tapes,Horror Science Fiction Thriller
Liam O'Donnell,Frank Grillo,Bojana Novaković,Iko Uwais,Beyond Skyline,Action Science Fiction
Gregori Viens,Henry Phillips,J.K. Simmons,Sarah Silverman,Punching Henry,Comedy
Ken Marino,Eugenio Derbez,Salma Hayek,Rob Lowe,How to Be a Latin Lover,Comedy
Michael Winterbottom,Steve Coogan,Rob Brydon,Claire Keelan,The Trip to Spain,Drama Comedy
Brian Knappenberger,Hulk Hogan,Not Available,Not Available,Nobody Speak: Trials of the Free Press,Documentary
Dave McCary,Kyle Mooney,Claire Danes,Mark Hamill,Brigsby Bear,Comedy Drama
Jay Chapman,Kenneth Lucas,Keith Lucas,Not Available,Lucas Brothers: On Drugs,Comedy
Derik Murray,Heath Ledger,Kate Ledger,Kim Ledger,I Am Heath Ledger,Documentary
Fernando Coimbra,Nicholas Hoult,Logan Marshall-Green,Henry Cavill,Sand Castle,Drama War
Robert Dyke,Sarah Butler,Damon Dayoub,Charles Shaughnessy,Moontrap: Target Earth,Action Science Fiction Adventure
Anna Sandilands,Not Available,Not Available,Not Available,Uncertain,Documentary
Roman Karimov,Efim Petrunin,Lyubov Aksyonova,Sofya Rayzman,"Have Fun, Vasya!",Comedy
Park Kwang-hyun,Ji Chang-wook,Shim Eun-kyung,Ahn Jae-hong,Fabricated City,Action
Michael Apted,Noomi Rapace,Orlando Bloom,Michael Douglas,Unlocked,Action Thriller
Eric D. Howell,Emilia Clarke,Marton Csokas,Caterina Murino,Voice from the Stone,Drama Mystery Romance Thriller
E.L. Katz,Nikolaj Coster-Waldau,Jacki Weaver,Robert Forster,Small Crimes,Drama Comedy Thriller Crime
Murat Kepez,Çaglar Çorumlu,Büşra Pekin,Mahir Ipek,Kolonya Cumhuriyeti,Comedy
Mark Lamprell,Dacre Montgomery,Xavier Samuel,Kris Marshall,A Few Less Men,Comedy
Richard Sears,Jena Malone,Douglas Smith,Ted Levine,Bottom of the World,Drama Mystery Thriller
Simon West,Dominic Cooper,Gemma Chan,Connie Nielsen,Stratton,Action Thriller
Azazel Jacobs,Debra Winger,Tracy Letts,Aidan Gillen,The Lovers,Comedy
S.S. Rajamouli,Prabhas,Rana Daggubati,Sathyaraj,Baahubali 2: The Conclusion,Action Adventure History War
Juanita Wilson,Julia Garner,Jake Weary,Anna Friel,Tomato Red,Drama Thriller
Grant Humphreys,Ronan Quarmby,Brad Richards,Barbara Harrison,Taking Earth,Science Fiction
Jessica Yu,Maria Bamford,Not Available,Not Available,Maria Bamford: Old Baby,Comedy
Maccio Capatonda,Maccio Capatonda,Maccio Capatonda,Maccio Capatonda,Omicidio all'italiana,Comedy
Joseph Cedar,Richard Gere,Lior Ashkenazi,Michael Sheen,Norman: The Moderate Rise and Tragic Fall of a New York Fixer,Comedy Thriller Drama
Jamie Cymbal,Jimmy Allen,Lindsay Bennett,Chris Blackwood,Seizure,Horror
Franck Khalfoun,Bella Thorne,Cameron Monaghan,Jennifer Morrison,Amityville: The Awakening,Thriller Horror
Sofia Coppola,Colin Farrell,Nicole Kidman,Kirsten Dunst,The Beguiled,Drama Western
Sierra Pettengill,Ronald Reagan,Nancy Reagan,Barbara Walters,The Reagan Show,Documentary
Edgar Wright,Ansel Elgort,Lily James,Kevin Spacey,Baby Driver,Action Crime
Bong Joon-ho,Tilda Swinton,Paul Dano,Ahn Seo-hyun ,Okja,Adventure Drama Fantasy Science Fiction
Jay Woelfel,Tim Thomerson,Richard Hatch,Tiffany Shepis,Asylum of Darkness,Horror
Lucia Aniello,Scarlett Johansson,Jillian Bell,Kate McKinnon,Rough Night,Drama Comedy
Sean Foley,Julian Barratt,Simon Farnaby,Essie Davis,Mindhorn,Comedy
Kevin Macdonald,Richard Madden,Flora Spencer-Longhurst,Moshidi Motshegwa,Oasis,TV Movie Drama Science Fiction
Vlad Yudin,Calum Von Moger,Kai Greene,Rich Piana,Generation Iron 2,Documentary
Amariah Olson,Jonathan Rhys Meyers,Cam Gigandet,Michael Biehn,The Shadow Effect,Science Fiction Action Thriller
Deven Bhojani,Vidyut Jamwal,Adah Sharma,Freddy Daruwala,Commando 2: The Black Money Trail,Action
Avgousta Zourelidi,Katy Townsend,Debi Derryberry,Cassandra Morris,Monster High: Electrified,Family Animation
Geremy Jasper,Danielle Macdonald,Bridget Everett,Siddharth Dhananjay,Patti Cake$,Drama
Andrey Zvyagintsev,Maryana Spivak,Aleksey Rozin,Matvey Novikov,Loveless,Drama
Mel Damski,Lacey Chabert,Carlo Marks,Jesse Moss,Moonlight in Vermont,Romance TV Movie
Jeff Garlin,Jeff Garlin,Natasha Lyonne,Chris Redd,Handsome: A Netflix Mystery Movie,Comedy
Don Argott,Michael Uslan,Roy Thomas,Marc Tyler Nobleman,Batman & Bill,Documentary
Ivan Silvestrini,Katrina Bowden,Jay Hayden,Damon Dayoub,Monolith,Drama Thriller
Tony E. Valenzuela,Robert Adamson,Alex Frnka,Conchata Ferrell,The Axe Murders of Villisca,Horror
Brian Crano,Rebecca Hall,Jason Sudeikis,Dan Stevens,Permission,Comedy Romance
Arnaud Desplechin,Mathieu Amalric,Marion Cotillard,Charlotte Gainsbourg,Ismael's Ghosts,Drama Romance Thriller
Jonathan Mostow,Sam Worthington,Odeya Rush,Amy Landecker,The Hunter's Prayer,Action Thriller
Lucien Jean-Baptiste,Lucien Jean-Baptiste,Aïssa Maïga,Vincent Elbaz,He Even Has Your Eyes,Comedy
Miguel Arteta,Salma Hayek,John Lithgow,Connie Britton,Beatriz at Dinner,Comedy Drama
Dylan Bank,Roger Stone,Donald Trump,Paul Manafort,Get Me Roger Stone,Documentary
Valery Todorovsky,Alisa Freyndlikh,Aleksandr Domogarov,Nicolas Le Riche,The Bolshoi,
Robert Kirbyson,John Hennigan,Spencer Grammer,Lorenzo Lamas,Boone: The Bounty Hunter,Action
Kyle Balda,Steve Carell,Kristen Wiig,Trey Parker,Despicable Me 3,Action Animation Adventure Family Comedy
Hope Dickson Leach,Ellie Kendrick,David Troughton,Jack Holden,The Levelling,Drama
Alexi Pappas,Alexi Pappas,Chase Offerle,Rebecca Friday,Tracktown,Drama
Rupert Goold,Tim Pigott-Smith,Charlotte Riley,Oliver Chris,King Charles III,Drama
Erin Lee Carr,Gypsey Rose,Not Available,Not Available,Mommy Dead and Dearest,Documentary
Lucas Pavetto,Bill Moseley,Gabriella Wright,John Robinson,Alcoholist,Drama Thriller
Sara Taksler,Bassem Youssef,Jon Stewart,Not Available,Tickling Giants,Documentary
Phillip Guzman,Lori Petty,Jesse Bradford,Brea Grant,Dead Awake,Horror Thriller
Martin Provost,Catherine Frot,Catherine Deneuve,Olivier Gourmet,The Midwife,Comedy Drama
Mark Williams,Gerard Butler,Gretchen Mol,Willem Dafoe,A Family Man,Drama
Barry Levinson,Robert De Niro,Michelle Pfeiffer,Hank Azaria,The Wizard of Lies,Crime Drama History TV Movie
Bill Plympton,Charley Rossman,Robert LuJane,Not Available,Revengeance,Comedy Action Animation
Hiroyuki Seshita,Takahiro Sakurai,Kana Hanazawa,Sora Amamiya,Blame!,Action Animation Drama Horror Science Fiction
Peter Malota,Jean-Claude Van Damme,Peter Stormare,María Conchita Alonso,Kill 'em All,Action
Tim Smit,Dan Stevens,Bérénice Marlohe,Charity Wakefield,Kill Switch,Science Fiction
Ana Lily Amirpour,Suki Waterhouse,Jason Momoa,Jayda Fink,The Bad Batch,Thriller Romance Science Fiction
Sarah Harding,Rowan Atkinson,Lucy Cohu,Shaun Dingwall,Maigrets Night at the Crossroads,TV Movie Crime Mystery Thriller
Matt Reeves,Andy Serkis,Woody Harrelson,Steve Zahn,War for the Planet of the Apes,Drama Science Fiction War
Xavier Manrique,Shiloh Fernandez,Ashley Benson,Addison Timlin,Chronically Metropolitan,Drama Comedy
Luis Prieto,Halle Berry,Sage Correa,Chris McGinn,Kidnap,Drama Thriller
Derek Hui,Takeshi Kaneshiro,Zhou Dongyu,Ming Xi,This Is Not What I Expected,Comedy Romance
John Cameron Mitchell,Elle Fanning,Nicole Kidman,Ruth Wilson,How to Talk to Girls at Parties,Comedy Music Romance Science Fiction
Noah Baumbach,Adam Sandler,Ben Stiller,Dustin Hoffman,The Meyerowitz Stories,Comedy
David Michôd,Brad Pitt,Anthony Hayes,John Magaro,War Machine,Comedy Drama War
Josh Greenbaum,George Lazenby,Josh Lawson,Kassandra Clementi,Becoming Bond,Documentary Comedy
Marcus Raboy,Vir Das,Not Available,Not Available,Vir Das: Abroad Understanding,Comedy
Liz Plonka,Norm Macdonald,Not Available,Not Available,"Norm Macdonald: Hitler's Dog, Gossip & Trickery",Comedy
Rama Burshtein,Noa Kooler,Amos Tamam,Oz Zehavi,The Wedding Plan,Comedy Romance
Richard Curtis,Hugh Grant,Colin Firth,Liam Neeson,Red Nose Day Actually,TV Movie Comedy Romance
Nick Broomfield,Whitney Houston,Bobbi Kristina Brown,Bobby Brown,Whitney: Can I Be Me,Music Documentary
Luc Besson,Dane DeHaan,Cara Delevingne,Clive Owen,Valerian and the City of a Thousand Planets,Adventure Science Fiction Action
Mathieu Ratthe,Alex C. Nachi,Mathieu Ratthe,Victor Andres Turgeon-Trelles,The Gracefield Incident,Horror Science Fiction Action
Amir Bar-Lev,Jerry Garcia,Bob Weir,Mickey Hart,Long Strange Trip,Music Documentary
Perri Peltz,Not Available,Not Available,Not Available,Warning: This Drug May Kill You,TV Movie Documentary
Michael Barnett,Bill Nye,Jeffrey Kluger,Neil deGrasse Tyson,The Mars Generation,Documentary
Gábor Herendi,Ervin Nagy,Petrik Andrea,Tibor Gáspár,Kincsem,Romance Adventure Drama History
Christopher Storer,Not Available,Not Available,Not Available,Hasan Minhaj: Homecoming King,Comedy
André Erkau,Kostja Ullmann,Marleen Lohse,Wotan Wilke Möhring,Happy Burnout,Comedy
Liam Lynch,Sarah Silverman,Not Available,Not Available,Sarah Silverman: A Speck of Dust,Comedy
Not Available,Not Available,Not Available,Not Available,Three heroes and the King of the Sea,
Sergey Ginzburg,Konstantin Kryukov,Михаил Пореченков,Aglaya Shilovskaya,Vamps,Horror Action Fantasy Thriller
Bob Schultz,Whitney Moore,William 'Bill' Connor,Owen Conway,Breakdown Lane,Drama Horror Thriller
Guillaume Canet,Guillaume Canet,Marion Cotillard,Gilles Lellouche,Rock'n Roll,Comedy Music
Brian Goodman,Jonathan Rhys Meyers,Antonio Banderas,Piper Perabo,Black Butterfly,Thriller
Mary Mazzio,Jessica Chastain,Not Available,Not Available,I Am Jane Doe,Crime Documentary
Patrick O'Dell,Steve Rocco,Jeff Tremaine,Johnny Knoxville,Dumb: The Story of Big Brother Magazine,Documentary
Jamie M. Dagg,Jon Bernthal,Christopher Abbott,Rosemarie DeWitt,Sweet Virginia,
Emer Reynolds,Frank Drake,John Casani,Lawrence Krauss,The Farthest,Documentary
Toby Genkel,Tilman Döbler,Cooper Kelly Kramer,Shannon Conley,A Stork's Journey,Adventure Animation
Nick Hamm,Timothy Spall,Colm Meaney,Freddie Highmore,The Journey,Drama
Roger Donaldson,Dwayne Cameron,Mario Andretti,Alastair Caldwell,McLaren,Documentary
Blake Freeman,Danny Trejo,Casper Van Dien,Mindy Robinson,All About the Money,Comedy Action Adventure
Not Available,Дмитрий Медведев,Алексей Навальный,Not Available,"Don't call him ""Dimon""",Mystery Documentary
Gerard Barrett,Chloë Grace Moretz,Thomas Mann,Richard Armitage,Brain on Fire,Drama
Kim Joon-Sung,Go Soo,Sol Kyung-gu,Park Yoo-chun,Lucid Dream,Science Fiction Thriller
Jason Bourque,Sean Bean,Mary McCormack,Joel David Moore,Drone,Thriller
Patrik Syversen,Marte Germaine Christensen,Patrick Stewart,Tom Rhys Harries,Dragonheart: Battle for the Heartfire,Adventure
Nicole Jones-Dion,Anna Harr,Mark Grossman,Phyllis Spielman,Stasis,Adventure Science Fiction
Anita Barbosa,Isis Valverde,Gil Coelho,Joaquim Lopes,Amor.com,Romance
Frank Lotito,Roni Akurati,Brighton Sharbino,Jason Lee,Growing Up Smith,Comedy Family Drama
Deb Shoval,Lola Kirke,Breeda Wool,Dale Soules,AWOL,Drama
Oren Uziel,Rainn Wilson,Benjamin Walker,John Michael Higgins,Shimmer Lake,Thriller Crime Drama Mystery
Alan Mak,Huang Xuan,Duan Yihong,Lang Yueting,Extraordinary Mission,Action Crime Thriller
Tommy Wirkola,Noomi Rapace,Marwan Kenzari,Christian Rubeck,What Happened to Monday,Science Fiction Thriller
Ben Stassen,Tom Beck,Cinda Adams,Bob Barlen,The Son of Bigfoot,Animation Comedy
Kentaro Hagiwara,Masataka Kubota,Yu Aoi,Fumika Shimizu,Tokyo Ghoul,Action Drama Horror Thriller
Ildikó Enyedi,Alexandra Borbély,Morcsányi Géza,Zoltán Schneider,On Body and Soul,Drama Romance
David Leitch,Charlize Theron,James McAvoy,Sofia Boutella,Atomic Blonde,Action Thriller
Gordon Chan,Vincent Zhao,Sammo Hung,Regina Wan,God of War,Action History
Tommy Stovall,James Martinez,Trevor Sterling Stovall,Michael Chieffo,Aaron's Blood,Drama Horror Mystery Thriller
Kim Tae-yoon,Jung Woo,Kang Ha-Neul,Kim Hae-sook,New Trial,Drama
Colin Day,Not Available,Not Available,Not Available,Saving Banksy,Documentary
David Leveaux,Lily James,Jai Courtney,Eddie Marsan,The Exception,Drama
Jay Baruchel,Seann William Scott,Alison Pill,Marc-André Grondin,Goon: Last of the Enforcers,Comedy
Christopher Nolan,Fionn Whitehead,Tom Glynn-Carney,Jack Lowden,Dunkirk,Action Drama History Thriller War
Bharathan,Vijay,Keerthi Suresh,Jagapati Babu,Bairavaa,Action
Ryan White,Not Available,Not Available,Not Available,The Keepers,Crime Documentary Drama
Alberto G. Rodriguez,Eric Roberts,Leila Almas,Jaime Zevallos,The Summoning,Thriller Drama Mystery
Mark Cullen,Bruce Willis,Jason Momoa,John Goodman,Once Upon a Time in Venice,Action Comedy Thriller
Carlo Guillermo Proto,Denis Harting,Peggy Roux,Lauviah Harting,Resurrecting Hassan,Documentary
Oliver Stone,Vladimir Putin,Oliver Stone,Not Available,The Putin Interviews,Documentary
Bonni Cohen,Al Gore,Barack Obama,Donald Trump,An Inconvenient Sequel: Truth to Power,Documentary
Neill Blomkamp,Sigourney Weaver,Eugene Khumbanyiwa,Robert Hobbs,Rakka,Action Science Fiction
Thomas Q. Napper,Johnny Harris,Ian McShane,Ray Winstone,Jawbone,Action Drama
Erik Nelson,Not Available,Not Available,Not Available,A Gray State,Documentary
Sung-hoon Kim,Hyun Bin,Yoo Hae-jin,Kim Joo-hyuk,Confidential Assignment,Action Drama Comedy
Alex Merkin,Dolph Lundgren,Denise Richards,Greer Grammer,Altitude,Action Thriller
Yance Ford,Not Available,Not Available,Not Available,Strong Island,Documentary
David Firth,David Firth,Carla Simpson,Christian Webb,Cream,Animation Comedy Science Fiction
Hatem Khraiche,Clara Lago,Belén Rueda,Álex González,Orbiter 9,Drama Science Fiction Romance
John Scheinfeld,Denzel Washington,Common,Bill Clinton,Chasing Trane,Documentary
Shoujirou Nishimi,Not Available,Not Available,Not Available,Mutafukaz,Science Fiction Animation
Steve James,Neil Barofsky,Ti-Hua Chang,Jiayang Fan,Abacus: Small Enough to Jail,Documentary
Michael Bay,Mark Wahlberg,Josh Duhamel,Laura Haddock,Transformers: The Last Knight,Action Science Fiction Thriller Adventure
Jonathan Teplitzky,Brian Cox,Miranda Richardson,John Slattery,Churchill,Drama Thriller War
Dan Sickles,Dina Bruno,Scott Levin,Not Available,Dina,Documentary
Kabir Khan,Salman Khan,Zhu Zhu,Sohail Khan,Tubelight,Drama History War
Ronnie Thompson,Matthew Goode,Joely Richardson,Larry Lamb,The Hatton Garden Job,Crime
Joel Hopkins,Diane Keaton,Brendan Gleeson,James Norton,Hampstead,Romance Comedy
Minhal Baig,Kyle Allen,Isabelle Fuhrman,Justin Chatwin,1 Night,Drama Romance
Michael John Warren,Nick Kroll,John Mulaney,Steve Martin,"Oh, Hello: On Broadway",Comedy
Douglas Barr,Courtney Thorne-Smith,James Tupper,Adam DiMarco,Site Unseen: An Emma Fielding Mystery,Mystery
Phil Guidry,Monica Davis,Edward L. Green,Patrick Pedraza,Savageland,Horror Mystery
Léa Mysius,Noée Abita,Laure Calamy,Juan Cano,Ava,Drama
Brent Bonacorso,Bella Thorne,Halston Sage,Taylor John Smith,You Get Me,Thriller Romance Drama
John Shea,Eric Dane,Natalie Zea,Amy Madigan,Grey Lady,Thriller
Joshua Safdie,Robert Pattinson,Jennifer Jason Leigh,Ben Safdie,Good Time,Drama Thriller Crime
Jason Flemyng,Charlie Cox,Tony Curran,Mackenzie Crook,Eat Locals,Action Comedy Horror
Marc Waltman,Sanne Langelaar,Fockeline Ouwerkerk,Imanuelle Grives,Tuintje in mijn hart,Romance Drama
Víctor García León,Santiago Alverú,Pepe Ocio,Alicia Rubio,Selfie,Comedy
Han Han,Eddie Peng,Deng Chao,Zhao Liying,Duckweed,Comedy Drama
K. V. Anand,Vijay Sethupathi,Madonna Sebastian,T. Rajendar,Kavan,Thriller Drama
Sebastian Junger,Sebastian Junger,Not Available,Not Available,Hell on Earth: The Fall of Syria and the Rise of ISIS,Documentary
Andrew J. Cohen,Amy Poehler,Will Ferrell,Allison Tolman,The House,Comedy
Laurent Bouzereau,Guillermo del Toro,Steven Spielberg,Paul Greengrass,Five Came Back,War Documentary
Bailey Kobe,Julie McNiven,Shaun Sipos,Jessica Camacho,The Babymoon,Romance Action Adventure Comedy Drama
Greg Barker,Jason Amerine,George W. Bush,Mark Nutsch,Legion of Brothers,Documentary
Carla Simón,Laia Artigas,Bruna Cusí,David Verdaguer,Summer 1993,Drama Family
Volker Schlöndorff,Stellan Skarsgård,Nina Hoss,Bronagh Gallagher,Return to Montauk,Drama
Philippe Falardeau,Liev Schreiber,Naomi Watts,Elisabeth Moss,Chuck,Drama
Paul Currie,Michiel Huisman,Teresa Palmer,Sam Reid,2:22,Drama Thriller
Christian Duguay,Dorian Le Clech,Batyste Fleurial,Patrick Bruel,A Bag of Marbles,Drama
Justin Hunt,James Hetfield,Not Available,Not Available,Addicted to Porn: Chasing the Cardboard Butterfly,Documentary
Brad Epstein,Alex Meneses,Faizon Love,Russell Peters,Ripped,Comedy
Neill Blomkamp,Steve Boyle,Nic Rhind,Robert Hobbs,Firebase,Action Science Fiction War
Andrew Kötting,Not Available,Not Available,Not Available,Edith Walks,Documentary
Matthew Heineman,Not Available,Not Available,Not Available,City of Ghosts,Documentary
Jeff Orlowski,Andrew Ackerman,Pim Bongaerts,Neal Cantin,Chasing Coral,Documentary
Barbara Kopple,Gigi Lazzarato,Not Available,Not Available,This Is Everything: Gigi Gorgeous,Documentary
Alexandre O. Philippe,Guillermo del Toro,Peter Bogdanovich,Karyn Kusama,78/52,Documentary
Marina Zenovich,Not Available,Not Available,Not Available,Water & Power: A California Heist,Documentary
Kip Andersen,Kip Andersen,Larry Baldwin,Neal Barnard,What the Health,Documentary
Joe Piscatella,Not Available,Not Available,Not Available,Joshua: Teenager vs. Superpower,Documentary
Joe Miale,Lee Pace,Bérénice Marlohe,Jason Flemyng,Revolt,Science Fiction
Timothy Woodward Jr.,Luke Hemsworth,Trace Adkins,Bruce Dern,Hickok,Western
Joshua Tunick,Anthony Rapp,Alona Tal,Alyson Hannigan,Do You Take This Man,Drama
Nikolaj Arcel,Idris Elba,Matthew McConaughey,Tom Taylor,The Dark Tower,Action Western Science Fiction Fantasy Horror
300ml,Selton Mello,Ralph Ineson,Seu Jorge,Soundtrack,Drama
Mohammad Hossein Mahdavian,Mehrdad Sedighian,Babak Hamidian,Javad Ezati,Midday Event,Action Crime History
Jonathan Baker,Nicolas Cage,Gina Gershon,Nicky Whelan,Inconceivable,Thriller Drama
Alain Desrochers,Patrick Huard,Colm Feore,Erik Knudsen,Bon Cop Bad Cop 2,Crime Comedy Action
Alain Desrochers,Antonio Banderas,Ben Kingsley,Liam McIntyre,Security,Action
Antonio Negret,Scott Eastwood,Freddie Thorp,Ana de Armas,Overdrive,Thriller Action
Dan Harris,Liam James,Sarah Steele,Austin P. McKenzie,Speech & Debate,Comedy Drama
Jake Szymanski,Orlando Bloom,Andy Samberg,John Cena,Tour de Pharmacy,Comedy TV Movie
Shinobu Yaguchi,Fumiyo Kohinata,Eri Fukatsu,Yuki Izumisawa,Survival Family,
Wayne Blair,Abigail Breslin,Colt Prattes,Sarah Hyland,Dirty Dancing,Music Drama Romance TV Movie
Clay Staub,Milo Ventimiglia,Bridget Regan,Amanda Schull,Devil's Gate,Science Fiction Thriller
Molly Smith,Karolina Antosik,Amelie Leroy,Tessa McGinn,Abduction,Fantasy Drama
Vanessa Gould,William McDonald,Bruce Weber,Margalit Fox,Obit,Documentary
Craig Thompson,William Shatner,Neil deGrasse Tyson,Chris Hadfield,The Truth Is in the Stars,Documentary
Anthony Leondis,T.J. Miller,James Corden,Anna Faris,The Emoji Movie,Comedy Family Animation
Abel Vang,Saxon Sharbino,Bonnie Morgan,Brandon Soo Hoo,Bedeviled,Horror Thriller
Ernie Barbarash,Adam Rayner,Eliza Dushku,Ian Ogilvy,The Saint,Action Adventure Crime
Riccardo Milani,Paola Cortellesi,Antonio Albanese,Carlo Buccirosso,Mom or Dad?,Comedy
John Jencks,Roger Allam,Matthew Modine,Tim McInnerny,The Hippopotamus,Comedy
Taylor Sheridan,Jeremy Renner,Elizabeth Olsen,Gil Birmingham,Wind River,Action Crime Mystery Thriller
Scott Moran,Rory Scovel,Not Available,Not Available,Rory Scovel Tries Stand-Up for the First Time,Comedy
Tarik Saleh,Fares Fares,Mari Malek,Mohamed Yousry,The Nile Hilton Incident,Thriller Drama
Roman Volobuev,Svetlana Ustinova,Anna Chipovskaya,Yevgeni Tsyganov,Blockbuster,Comedy Crime
Ric Roman Waugh,Nikolaj Coster-Waldau,Jon Bernthal,Lake Bell,Shot Caller,Drama Crime Thriller
Mike Birbiglia,Mike Birbiglia,Jimmy Kimmel,Not Available,Mike Birbiglia: Thank God for Jokes,Comedy
Bill D'Elia,Chris D'Elia,Not Available,Not Available,Chris D'Elia: Man on Fire,Comedy
Tony Giglio,Adrianne Palicki,Michael Jai White,Ty Olsson,S.W.A.T.: Under Siege,Action Crime Thriller
Manuk Depoyan,Arsen Shavlyuk,Vasyl Virastyuk,Ruslana Pysanka,The Dragon Spell,Family Comedy Animation Fantasy Adventure
Brett M. Butler,Dylan Bruce,Percy Hynes White,Not Available,First Round Down,Action Comedy
Neill Blomkamp,Dakota Fanning,Jose Pablo Cantillo,Not Available,Zygote,Horror Science Fiction
John R. Leonetti,Joey King,Ryan Phillippe,Sherilyn Fenn,Wish Upon,Fantasy Horror Thriller
Malcolm D. Lee,Regina Hall,Queen Latifah,Jada Pinkett Smith,Girls Trip,Comedy
Gillian Robespierre,Jenny Slate,Edie Falco,Abby Quinn,Landline,Comedy
Kathryn Bigelow,John Boyega,Will Poulter,Algee Smith,Detroit,Thriller Crime Drama History
Kogonada,John Cho,Haley Lu Richardson,Parker Posey,Columbus,Drama
Heber Cannon,Matt Fraser,Ben Smith,Sara Sigmundsdottir,Fittest On Earth: A Decade Of Fitness,Documentary
Emilis Velyvis,Inga Jankauskaitė,Mindaugas Papinigis,Ramūnas Rudokas,Zero 3,Thriller
Tommy Bertelsen,Troian Bellisario,Tom Felton,Ben Winchell,Feed,Drama
Ibai Abad,Lewis Rainer,Joséphine Berry,Charlotte Atkinson,The Girl from the Song,Drama Music Romance
Julian Radlmaier,Julian Radlmaier,Deragh Campbell,Beniamin Forthi,Self-criticism of a Bourgeois Dog,Comedy
Pierre Coré,Omar Sy,Louane Emera,Franck Gastambide,Sahara,Adventure Animation Comedy Family
François Ozon,Marine Vacth,Jérémie Renier,Jacqueline Bisset,The Double Lover,Thriller
Steven C. Miller,Bruce Willis,Hayden Christensen,Gethin Anthony,First Kill,Action Thriller
T.J. Martin,Rodney King,Tom Brokaw,George H. W. Bush,LA 92,Documentary
Kenny Ortega,Dove Cameron,Sofia Carson,Cameron Boyce,Descendants 2,TV Movie Family Action Comedy Music Adventure
Not Available,Ivanka Trump,Matt Frei,Not Available,Ivanka Trump- America's Real First Lady?,Documentary TV Movie
Kimberly Senior,Chris Gethard,Not Available,Not Available,Chris Gethard: Career Suicide,Comedy
Dave Mullins,Not Available,Not Available,Not Available,Lou,Animation
Maria Sadowska,Magdalena Boczarska,Piotr Adamczyk,Justyna Wasilewska,The Art of Loving. Story of Michalina Wislocka,Drama
Sam Garbarski,Anatole Taubman,Moritz Bleibtreu,Joel Basman,Bye Bye Germany,Comedy Drama War
Timothy Woodward Jr.,Kaiwi Lyman,Bruce Dern,Denise Richards,American Violence,Crime Drama Thriller
Philippe de Chauveron,Christian Clavier,Ary Abittan,Elsa Zylberstein,With Open Arms,Comedy
Thomas Kruithof,François Cluzet,Denis Podalydès,Sami Bouajila,Scribe,Thriller
Todd Grimes,Grey Griffin,Tara Strong,Anais Fairweather,LEGO DC Super Hero Girls: Brain Drain,Animation
Pat Healy,Taylor Schilling,Pat Healy,Alycia Delmore,Take Me,Comedy Crime
Anshai Lal,Anushka Sharma,Diljit Dosanjh,Suraj Sharma,Phillauri,Fantasy Comedy Romance Drama
Jim Strouse,Jessica Williams,Chris O'Dowd,Keith Stanfield,The Incredible Jessica James,Romance Comedy
Farhad Mann,Adelaide Kane,Benjamin Hollingsworth,Jean Louisa Kelly,Can't Buy My Love,Romance
Hannaleena Hauru,Inka Haapamäki,Rosa Honkonen,Tiitus Rantala,Thick Lashes of Lauri Mäntyvaara,Romance Comedy
Jonathan A. Rosenbaum,Lou Diamond Phillips,Wallace Shawn,Gina Holden,Cop and a Half: New Recruit,Crime Comedy Action Family
Beth David,Not Available,Not Available,Not Available,In a Heartbeat,Family Animation Romance Comedy
Ravi Udyawar,Sridevi Kapoor,Sajal Ali,Akshaye Khanna,Mom,Crime Drama Thriller
Daisy Asquith,Not Available,Not Available,Not Available,Queerama,
