,title,cast_and_crew
0,Shadow in the Cloud,"Roseanne Liang (director/screenplay); Max Landis (screenplay); Chloë Grace Moretz, Taylor John Smith, Beulah Koale, Callan Mulvey, Nick Robinson"
1,The White Tiger,"Ramin Bahrani (director/screenplay); Adarsh Gourav, Rajkummar Rao, Priyanka Chopra Jonas"
2,Locked Down,"Doug Liman (director); Steven Knight (screenplay); Anne Hathaway, Chiwetel Ejiofor, Stephen Merchant, Mindy Kaling, Lucy Boynton, Dulé Hill, Jazmyn Simon, Mark Gatiss, Claes Bang, Ben Stiller, Ben Kingsley"
3,The Dig,"Simon Stone (director); Moira Buffini (screenplay); Carey Mulligan, Ralph Fiennes, Lily James, Johnny Flynn, Ben Chaplin, Ken Stott, Archie Barnes, Monica Dolan"
4,Outside the Wire,"Mikael Håfström (director); Rob Yescombe, Rowan Athale (screenplay); Anthony Mackie, Damson Idris, Emily Beecham, Michael Kelly, Pilou Asbæk"
5,The Marksman,"Robert Lorenz (director/screenplay); Chris Charles, Danny Kravitz (screenplay); Liam Neeson, Katheryn Winnick, Juan Pablo Raba, Teresa Ruiz"
6,The Ultimate Playlist of Noise,"Bennett Lasseter (director); Mitchell Winkie (screenplay); Keean Johnson, Madeline Brewer, Rya Kihlstedt, Ian Gomez, Bonnie Hunt"
7,American Skin,"Nate Parker (director/screenplay); Nate Parker, Omari Hardwick, Theo Rossi, Shane Paul McGhie, Milauna Jackson, Beau Knapp"
8,Don't Tell a Soul,"Alex McAulay (director/screenplay); Jack Dylan Grazer, Fionn Whitehead, Rainn Wilson, Mena Suvari"
9,Our Friend,"Gabriela Cowperthwaite (director); Brad Ingelsby (screenplay); Jason Segel, Dakota Johnson, Casey Affleck, Gwendoline Christie, Cherry Jones"
10,No Man's Land,"Conor Allyn (director); Jake Allyn, David Barraza (screenplay); Jake Allyn, Frank Grillo, Jorge A. Jiménez, Andie MacDowell, George Lopez"
11,Born a Champion,"Alex Ranarivelo (director/screenplay); Sean Patrick Flanery (screenplay); Sean Patrick Flanery, Dennis Quaid, Katrina Bowden"
12,Wrong Turn,"Mike P. Nelson (director); Alan B. McElroy (screenplay); Charlotte Vega, Adain Bradley, Bill Sage, Emma Dumont, Dylan McTee, Daisy Head, Matthew Modine"
13,Penguin Bloom,"Glenda Ivin (director); Shaun Grant, Harry Cripps (screenplay); Naomi Watts, Andrew Lincoln, Jacki Weaver, Rachel House"
14,The Little Things,"John Lee Hancock (director/screenplay); Denzel Washington, Rami Malek, Jared Leto, Chris Bauer, Michael Hyatt, Terry Kinney, Natalie Morales"
15,Finding ʻOhana,"Jude Weng (director); Christina Strain (screenplay); Kea Peahu, Alex Aiono, Lindsay Watson, Owen Vaccaro, Kelly Hu, Branscombe Richmond, Chris Parnell, Marc Evan Jackson"
16,Nomadland,"Chloé Zhao (director/screenplay); Frances McDormand, David Strathairn, Linda May, Charlene Swankie, Bob Wells"
17,Malcolm & Marie,"Sam Levinson (director/screenplay); Zendaya, John David Washington"
18,Palmer,"Fisher Stevens (director) Cheryl Guerriero (screenplay); Justin Timberlake, Juno Temple, Alisha Wainwright, June Squibb, Ryder Allen"
19,Falling,"Viggo Mortensen (director/screenplay); Viggo Mortensen, Lance Henriksen, Terry Chen, Sverrir Gudnason, Hannah Gross, Laura Linney"
20,Bliss,"Mike Cahill (director/screenplay); Owen Wilson, Salma Hayek"
21,Little Fish,"Chad Hartigan (director); Mattson Tomlin (screenplay); Olivia Cooke, Jack O'Connell, Raúl Castillo, Soko"
22,Son of the South,"Barry Alexander Brown (director/screenplay); Lucas Till, Lucy Hale, Cedric the Entertainer, Brian Dennehy"
23,PVT Chat,"Ben Hozie (director/screenplay); Julia Fox, Nikki Belfiglio, Austin Brown, Peter Vack"
24,Music,"Sia (director/screenplay); Dallas Clayton (screenplay); Kate Hudson, Leslie Odom Jr., Maddie Ziegler"
25,Judas and the Black Messiah,"Shaka King (director/screenplay); Will Berson (screenplay); Daniel Kaluuya, Lakeith Stanfield, Jesse Plemons, Dominique Fishback, Ashton Sanders, Darrell Britt-Gibson, Lil Rel Howery, Algee Smith, Dominique Thorne, Martin Sheen"
26,The Mauritanian,"Kevin Macdonald (director); M.B. Traven, Rory Haines, Sohrab Noshirvani (screenplay); Jodie Foster, Tahar Rahim, Shailene Woodley, Zachary Levi, Benedict Cumberbatch"
27,Breaking News in Yuba County,"Tate Taylor (director); Amanda Idoko (screenplay); Allison Janney, Mila Kunis, Awkwafina, Regina Hall, Wanda Sykes, Juliette Lewis, Samira Wiley, Matthew Modine, Ellen Barkin"
28,Barb and Star Go to Vista Del Mar,"Josh Greenbaum (director); Annie Mumolo, Kristen Wiig (screenplay); Kristen Wiig, Annie Mumolo, Jamie Dornan, Wendi McLendon-Covey, Damon Wayans Jr."
29,Minari,"Lee Isaac Chung (director/screenplay); Steven Yeun, Han Ye-ri, Alan Kim, Noel Kate Cho, Scott Haze, Youn Yuh-jung, Will Patton"
30,To All the Boys: Always and Forever,"Michael Fimognari (director); Katie Lovejoy (screenplay); Lana Condor, Noah Centineo, Jordan Fisher, Holland Taylor, Sarayu Blue, John Corbett"
31,The World to Come,"Mona Fastvold (director); Ron Hansen, Jim Shepard (screenplay); Katherine Waterston, Vanessa Kirby, Christopher Abbott, Casey Affleck"
32,French Exit,"Azazel Jacobs (director); Patrick deWitt (screenplay); Michelle Pfeiffer, Lucas Hedges, Tracy Letts, Danielle Macdonald, Imogen Poots"
33,Land,"Robin Wright (director); Jesse Chatham, Erin Dignam (screenplay); Robin Wright, Demián Bichir, Kim Dickens"
34,Willy's Wonderland,"Kevin Lewis (director); G.O. Parsons (screenplay); Nicolas Cage, Emily Tosta, Ric Reitz, Beth Grant"
35,The Map of Tiny Perfect Things,"Ian Samuels (director); Lev Grossman (screenplay); Kathryn Newton, Kyle Allen, Al Madrigal"
36,Fear of Rain,"Castille Landon (director/screenplay); Katherine Heigl, Madison Iseman, Israel Broussard, Harry Connick Jr."
37,I Care a Lot,"J Blakeson (director/screenplay); Rosamund Pike, Peter Dinklage, Eiza González, Chris Messina, Dianne Wiest, Isiah Whitlock Jr."
38,Flora & Ulysses,"Lena Khan (director); Brad Copeland (screenplay); Matilda Lawler, Alyson Hannigan, Ben Schwartz, Anna Deveare Smith, Danny Pudi, Benjamin Evan Ainsworth, Janeane Garofalo, Kate Micucci"
39,Silk Road,"Tiller Russell (director/screenplay); Jason Clarke, Nick Robinson, Katie Aselton, Jimmi Simpson, Daniel David Stewart, Darrell Britt-Gibson, Lexi Rabe, Will Ropp, Paul Walter Hauser, Alexandra Shipp"
40,Tom & Jerry,"Tim Story (director); Kevin Costello (screenplay); Chloë Grace Moretz, Michael Peña, Colin Jost, Rob Delaney, Pallavi Sharda, Jordan Bolger, Patsy Ferran, Nicky Jam, Bobby Cannavale, Lil Rel Howery, Ken Jeong"
41,The United States vs. Billie Holiday,"Lee Daniels (director); Suzan-Lori Parks (screenplay); Andra Day, Trevante Rhodes, Garrett Hedlund, Leslie Jordan, Miss Lawrence, Adriane Lenox, Natasha Lyonne, Rob Morgan, Da'Vine Joy Randolph, Evan Ross, Tyler James Williams"
42,Cherry,"Anthony and Joe Russo (directors); Angela Russo-Otstot, Jessica Goldberg (screenplay); Tom Holland, Ciara Bravo, Jack Reynor, Michael Rispoli, Jeff Wahlberg"
43,Crisis,"Nicholas Jarecki (director/screenplay); Gary Oldman, Armie Hammer, Evangeline Lilly, Greg Kinnear, Michelle Rodriguez, Luke Evans, Lily-Rose Depp, Scott Mescudi, Martin Donovan"
44,Billie Eilish: The World's a Little Blurry,"R. J. Cutler (director/screenplay); Billie Eilish, Finneas O'Connell, Maggie Baird, Patrick O'Connell"
45,The Vigil,"Keith Thomas (director/screenplay); Dave Davis, Menashe Lustig, Malky Goldman, Fred Melamed, Lynn Cohen"
46,Moxie,"Amy Poehler (director); Tamara Chestna, Dylan Meyer (screenplay); Hadley Robinson, Lauren Tsai, Patrick Schwarzenegger, Hico Hiraga, Sydney Park, Josephine Langford, Clark Gregg, Ike Barinholtz, Amy Poehler, Marcia Gay Harden"
47,Coming 2 America,"Craig Brewer (director); Kenya Barris, Barry W. Blaustein, David Sheffield (screenplay); Eddie Murphy, Arsenio Hall, Jermaine Fowler, Leslie Jones, Tracy Morgan, KiKi Layne, Shari Headley, Teyana Taylor, Wesley Snipes, James Earl Jones"
48,The SpongeBob Movie: Sponge on the Run,"Tim Hill (director/screenplay); Tom Kenny, Awkwafina, Matt Berry, Snoop Dogg, Bill Fagerbakke, Clancy Brown, Tiffany Haddish, Carolyn Lawrence, Mr. Lawrence, Keanu Reeves, Danny Trejo, Reggie Watts"
49,Raya and the Last Dragon,"Don Hall, Carlos López Estrada (directors); Qui Nguyen, Adele Lim (screenplay); Kelly Marie Tran, Awkwafina, Izaac Wang, Gemma Chan, Daniel Dae Kim, Benedict Wong, Sandra Oh, Thalia Tran, Lucille Soong, Alan Tudyk"
50,Chaos Walking,"Doug Liman (director); Patrick Ness, Christopher Ford (screenplay); Daisy Ridley, Tom Holland, Mads Mikkelsen, Demián Bichir, Cynthia Erivo, Nick Jonas, Ray McKinnon, Kurt Sutter, David Oyelowo"
51,Boss Level,"Joe Carnahan (director/screenplay); Chris Borey, Eddie Borey (screenplay); Frank Grillo, Mel Gibson, Naomi Watts, Annabelle Wallis, Ken Jeong, Will Sasso, Selina Lo, Meadow Williams, Michelle Yeoh"
52,Boogie,"Eddie Huang (director/screenplay); Taylor Takahashi, Taylour Paige, Jorge Lendeborg Jr., Bashar ""Pop Smoke"" Jackson"
53,Yes Day,"Miguel Arteta (director); Justin Malen (screenplay); Jennifer Garner, Édgar Ramírez, Jenna Ortega"
54,Long Weekend,"Steve Basilone (director/screenplay); Finn Wittrock, Zoë Chao, Casey Wilson, Jim Rash, Damon Wayans Jr."
55,Cosmic Sin,"Edward Drake (director/screenplay); Corey Large (screenplay); Bruce Willis, Frank Grillo, Brandon Thomas Lee, C.J. Perry"
56,Trust,"Brian DeCubellis (director/screenplay); Kristen Lazarian, K.S. Bruce (screenplay); Victoria Justice, Matthew Daddario, Katherine McNamara, Lucien Laviscount, Ronny Chieng, Lindsey Broad"
57,Zack Snyder's Justice League,"Zack Snyder (director); Chris Terrio (screenplay); Ben Affleck, Henry Cavill, Amy Adams, Gal Gadot, Ray Fisher, Jason Momoa, Ezra Miller, Willem Dafoe, Jesse Eisenberg, Jeremy Irons, Diane Lane, Connie Nielsen, J. K. Simmons, Ciarán Hinds"
58,The Courier,"Dominic Cooke (director); Tom O'Connor (screenplay); Benedict Cumberbatch, Merab Ninidze, Rachel Brosnahan, Jessie Buckley, Angus Wright"
59,City of Lies,"Brad Furman (director); Christian Contreras (screenplay); Johnny Depp, Forest Whitaker"
60,Happily,"BenDavid Grabinski (director/screenplay); Joel McHale, Kerry Bishé, Stephen Root"
61,Nobody,"Ilya Naishuller (director); Derek Kolstad (screenplay); Bob Odenkirk, Connie Nielsen, Aleksei Serebryakov, RZA, Michael Ironside, Colin Salmon, Christopher Lloyd"
62,Bad Trip,"Kitao Sakurai (director/screenplay); Dan Curry, Eric André (screenplay); Eric André, Lil Rel Howery, Tiffany Haddish"
63,The Seventh Day,"Justin P. Lange (director/screenplay); Guy Pearce, Vadhir Derbez, Stephen Lang, Keith David, Robin Bartlett"
64,Senior Moment,"Giorgio Serafini (director); Kurt Brungardt, Christopher Momenee (screenplay); William Shatner, Jean Smart, Christopher Lloyd"
65,Godzilla vs. Kong,"Adam Wingard (director); Eric Pearson, Max Borenstein (screenplay); Alexander Skarsgård, Millie Bobby Brown, Rebecca Hall, Brian Tyree Henry, Shun Oguri, Eiza González, Julian Dennison, Lance Reddick, Kyle Chandler, Demián Bichir"
66,Concrete Cowboy,"Ricky Staub (director/screenplay); Dan Walser (screenplay); Idris Elba, Caleb McLaughlin, Jharrel Jerome, Byron Bowers, Lorraine Toussaint, Clifford ""Method Man"" Smith"
67,The Unholy,"Evan Spiliotopoulos (director/screenplay); Jeffrey Dean Morgan, Katie Aselton, William Sadler, Cricket Brown, Diogo Morgado, Cary Elwes"
68,Every Breath You Take,"Vaughn Stein (director); David Murray (screenplay); Casey Affleck, Sam Claflin, Veronica Ferres, India Eisley, Michelle Monaghan"
69,Shiva Baby,"Emma Seligman (director/screenplay); Rachel Sennott, Molly Gordon, Polly Draper, Danny Deferrari, Fred Melamed, Dianna Agron"
70,The Girl Who Believes in Miracles,"Richard Correll (director/screenplay); G.M. Mercier (screenplay); Mira Sorvino, Austyn Johnson, Kevin Sorbo, Peter Coyote"
71,The Believer,"Shan Serafin (director/screenplay); Aidan Bristow, Sophie Kargman, Susan Wilder, Lindsay Ginter, Robbie Goldstein, Billy Zane"
72,Dawn of the Beast,"Bruce Wemple (director); Anna Shields (screenplay); Francesca Anderson, Adrián Burke, Chris Cimperman, Ariella Mastroianni, Roger Mayer"
73,Voyagers,"Neil Burger (director/screenplay); Tye Sheridan, Lily-Rose Depp, Fionn Whitehead, Colin Farrell, Chanté Adams, Isaac Hempstead Wright, Viveik Kalra, Archie Madekwe, Quintessa Swindell"
74,Thunder Force,"Ben Falcone (director/screenplay); Melissa McCarthy, Octavia Spencer, Bobby Cannavale, Pom Klementieff, Taylor Mosby, Melissa Leo, Jason Bateman"
75,Arlo the Alligator Boy,"Ryan Crego (director/screenplay); Clay Senechal (screenplay); Michael J. Woodard, Mary Lambert, Haley Tju, Jonathan Van Ness, Brett Gelman, Tony Hale, Annie Potts, Flea, Jennifer Coolidge, Vincent Rodriguez III"
76,Monday,"Argyris Papadimitropoulos (director/screenplay); Rob Hayes (screenplay); Sebastian Stan, Denise Gough, Yorgos Pirpassopoulos, Dominique Tipper"
77,In the Earth,"Ben Wheatley (director/screenplay); Joel Fry, Reece Shearsmith, Hayley Squires, Ellora Torchia, John Hollingworth, Mark Monero"
78,Stowaway,"Joe Penna (director/screenplay); Ryan Morrison (screenplay); Anna Kendrick, Daniel Dae Kim, Shamier Anderson, Toni Collette"
79,Mortal Kombat,"Simon McQuoid (director); Greg Russo, David Callaham (screenplay); Lewis Tan, Jessica McNamee, Josh Lawson, Tadanobu Asano, Mehcad Brooks, Ludi Lin, Chin Han, Joe Taslim, Hiroyuki Sanada"
80,The Mitchells vs. the Machines,"Mike Rianda (director/screenplay); Jeff Rowe (co-director/screenplay); Abbi Jacobson, Danny McBride, Maya Rudolph, Mike Rianda, Olivia Colman, Eric Andre, Fred Armisen, Beck Bennett, John Legend, Chrissy Teigen, Blake Griffin, Conan O'Brien"
81,Vanquish,"George Gallo (director); Samuel Bartlett (screenplay); Ruby Rose, Morgan Freeman"
82,Together Together,"Nikole Beckwith (director/screenplay); Ed Helms, Patti Harrison, Tig Notaro"
83,We Broke Up,"Jeff Rosenberg (director/screenplay); Laura Jacqmin (screenplay); William Jackson Harper, Aya Cash"
84,The Deep Ones,"Chad Ferrin (director/screenplay); Gina La Piana, Robert Miano, Johann Urb, Silvia Spross, Jackie Debatin, Nicolas Coster"
85,Things Heard & Seen,"Shari Springer Berman and Robert Pulcini (director/screenplay); Amanda Seyfried, James Norton, Natalia Dyer, F. Murray Abraham"
86,Without Remorse,"Stefano Sollima (director); Taylor Sheridan, Will Staples (screenplay); Michael B. Jordan, Jamie Bell, Jodie Turner-Smith, Lauren London, Brett Gelman, Jacob Scipio, Jack Kesy, Colman Domingo, Guy Pearce"
87,The Virtuoso,"Nick Stagliano (director/screenplay); James C. Wolf (screeplay); Anson Mount, Abbie Cornish, Eddie Marsan, David Morse, Anthony Hopkins"
88,Four Good Days,"Rodrigo García (director/screenplay); Eli Saslow (screenplay); Glenn Close, Mila Kunis, Stephen Root"
89,Separation,"William Brent Bell (director); Nick Amadeus, Josh Braun (screenplay); Rupert Friend, Mamie Gummer, Violet McGraw, Brian Cox"
90,The Resort,"Taylor Chien (director/screenplay); Brock O'Hurn, Avery Pascual, Michael Vlamis, Michelle Randolph, Bianca Haase"
91,Wrath of Man,"Guy Ritchie (director/screenplay); Ivan Atkinson, Marn Davies (screenplay); Jason Statham, Holt McCallany, Jeffrey Donovan, Josh Hartnett, Laz Alonso, Raúl Castillo, DeObia Oparei, Eddie Marsan, Scott Eastwood, Andy García"
92,Monster,"Anthony Mandler (director); Radha Blank, Cole Wiley, Janece Shaffer (screenplay); Kelvin Harrison Jr., Jennifer Ehle, Tim Blake Nelson, Nasir ""Nas"" Jones, Rakim ""A$AP Rocky"" Mayers, Paul Ben-Victor, John David Washington, Jennifer Hudson, Jeffrey Wright"
93,The Paper Tigers,"Tran Quoc Bao (director/screenplay); Alain Uy, Ron Yuan, Mykel Shannon Jenkins"
94,Mainstream,"Gia Coppola (director/screenplay); Tom Stuart (screenplay); Andrew Garfield, Maya Hawke, Nat Wolff, Johnny Knoxville, Jason Schwartzman"
95,The Water Man,"David Oyelowo (director); Emma Needell (screenplay); David Oyelowo, Rosario Dawson, Lonnie Chavis, Amiah Miller, Alfred Molina, Maria Bello"
96,Here Today,"Billy Crystal (director/screenplay); Alan Zweibel (screenplay); Billy Crystal, Tiffany Haddish, Penn Badgley, Laura Benanti, Louisa Krause"
97,Above Suspicion,"Phillip Noyce (director); Chris Gerolmo (screenplay); Jack Huston, Emilia Clarke, Thora Birch, Johnny Knoxville"
98,Reboot Camp,"Ivo Raza (director/screenplay); David Koechner, Ed Begley Jr., Chaz Bono, Ja Rule, Shar Jackson, Eric Roberts"
99,Benny Loves You,"Karl Holt (director/screenplay); Karl Holt, Claire Cartwright, David Wayman, George Collie, James Parsons, Lydia Hourihan"
100,Oxygen,"Alexandre Aja (director); Christine LeBlanc (screenplay); Mélanie Laurent, Mathieu Amalric, Malik Zidi"
101,Army of the Dead,"Zack Snyder (director/screenplay); Shay Hatten, Joby Harold (screenplay); Dave Bautista, Ella Purnell, Omari Hardwick, Ana de la Reguera, Theo Rossi, Matthias Schweighöfer, Nora Arnezeder, Hiroyuki Sanada, Tig Notaro, Raúl Castillo, Huma Qureshi, Garret Dillahunt"
102,Those Who Wish Me Dead,"Taylor Sheridan (director/screenplay); Michael Koryta, Charles Leavitt (screenplay); Angelina Jolie, Nicholas Hoult, Finn Little, Aidan Gillen, Jake Weber, Medina Senghore, Jon Bernthal"
103,The Woman in the Window,"Joe Wright (director); Tracy Letts (screenplay); Amy Adams, Gary Oldman, Anthony Mackie, Fred Hechinger, Wyatt Russell, Brian Tyree Henry, Jennifer Jason Leigh, Julianne Moore"
104,Spiral,"Darren Lynn Bousman (director); Josh Stolberg, Pete Goldfinger (screenplay); Chris Rock, Max Minghella, Marisol Nichols, Samuel L. Jackson"
105,Georgetown,"Christoph Waltz (director); David Auburn (screenplay); Christoph Waltz, Vanessa Redgrave, Annette Bening, Corey Hawkins"
106,Finding You,"Brian Baugh (director/screenplay); Rose Reid, Jedidiah Goodacre, Katherine McNamara, Patrick Bergin, Saoirse-Monica Jackson, Judith Hoag, Tom Everett Scott, Vanessa Redgrave"
107,The Killing of Two Lovers,"Robert Machoian (director/screenplay); Clayne Crawford, Sepideh Moafi, Chris Coy, Avery Pizzuto, Arri Graham, Ezra Graham"
108,616 Wilford Lane,"Mark S. Allen, Dante Yore (director/screenplay); Howard Burd (screenplay); John Littlefield, Eric Roberts, Alyson Gorske, Stevonte Hart, Eliza Roberts"
109,Dream Horse,"Euros Lyn (director); Neil McKay (screenplay); Toni Collette, Damian Lewis, Owen Teale, Joanna Page, Karl Johnson, Steffan Rhodri, Anthony O'Donnell, Nicholas Farrell, Siân Phillips"
110,Blast Beat,"Esteban Arango (director/screenplay); Erick Castrillon (screenplay); Moisés Arias, Mateo Arias, Daniel Dae Kim, Kali Uchis, Ashley Jackson, Diane Guerrero, Wilmer Valderrama"
111,A Quiet Place Part II,"John Krasinski (director/screenplay); Emily Blunt, Cillian Murphy, Millicent Simmonds, Noah Jupe, Djimon Hounsou, John Krasinski"
112,Cruella,"Craig Gillespie (director); Dana Fox, Tony McNamara (screenplay); Emma Stone, Emma Thompson, Joel Fry, Paul Walter Hauser, Emily Beecham, Kirby Howell-Baptiste, Mark Strong"
113,Plan B,"Natalie Morales (director); Prathi Srinivasan, Joshua Levy (screenplay); Kuhoo Verma, Victoria Moroles"
114,Changing the Game,"Michael Barnett (director/screenplay); Amanda C. Griffin, Michael Mahaffie (screenplay); Mack Beggs, Sarah Rose Huckman, Terry Miller, Ngozi Nnaji, Andraya Yearwood"
115,Spirit Untamed,"Elaine Bogan, Ennio Torresan (directors); Aury Wallington (screenplay); Isabela Merced, Marsai Martin, Mckenna Grace, Julianne Moore, Jake Gyllenhaal, Walton Goggins, Eiza González"
116,The Conjuring: The Devil Made Me Do It,"Michael Chaves (director); David Leslie Johnson-McGoldrick (screenplay); Patrick Wilson, Vera Farmiga, Ruairi O'Connor, Sarah Catherine Hook, Julian Hilliard"
117,Gully,"Nabil Elderkin (director); Marcus J. Guillory (screenplay); Jacob Latimore, Charlie Plummer, Jonathan Majors, Kelvin Harrison Jr., Amber Heard, Terrence Howard"
118,Flashback,"Christopher MacBride (director/screenplay); Dylan O'Brien, Maika Monroe, Hannah Gross, Emory Cohen, Keir Gilchrist"
119,Under the Stadium Lights,"Todd Randall (director); John Collins, Hamid Torabpour (screenplay); Milo Gibson, Laurence Fishburne, Glenn Morshower, Noel Gugliemi"
120,Grace and Grit,"Sebastian Siegel (director/screenplay); Mena Suvari, Stuart Townsend, Frances Fisher, Rebekah Graf, Mariel Hemingway, Nick Stahl"
121,Awake,"Mark Raso (director/screenplay); Joseph Raso (screenplay); Gina Rodriguez, Jennifer Jason Leigh, Barry Pepper, Finn Jones, Gil Bellows"
122,In the Heights,"Jon M. Chu (director); Quiara Alegría Hudes (screenplay); Anthony Ramos, Corey Hawkins, Leslie Grace, Melissa Barrera, Olga Merediz, Daphne Rubin-Vega, Gregory Diaz IV, Stephanie Beatriz, Dascha Polanco, Jimmy Smits, Lin-Manuel Miranda"
123,Infinite,"Antoine Fuqua (director); Ian Shorr (screenplay); Mark Wahlberg, Chiwetel Ejiofor, Sophie Cookson, Jason Mantzoukas, Rupert Friend, Toby Jones, Dylan O'Brien"
124,Peter Rabbit 2: The Runaway,"Will Gluck (director/screenplay); Patrick Burleigh (screenplay); James Corden, Rose Byrne, Domhnall Gleeson, Margot Robbie, Elizabeth Debicki, Lennie James, David Oyelowo"
125,Wish Dragon,"Chris Appelhans (director/screenplay); Jimmy Wong, John Cho, Constance Wu, Natasha Liu Bordizzo, Jimmy O. Yang, Aaron Yoo, Will Yun Lee, Bobby Lee, Nico Santos, Ronny Chieng"
126,The Misfits,"Renny Harlin (director); Robert Henny, Kurt Wimmer (screenplay); Pierce Brosnan, Rami Jaber, Hermione Corfield, Jamie Chung, Mike d Angelo, Tim Roth, Nick Cannon"
127,12 Mighty Orphans,"Ty Roberts (director/screenplay); Lane Garrison, Kevin Meyer (screenplay); Luke Wilson, Vinessa Shaw, Wayne Knight, Jake Austin Walker, Jacob Lofland, Levi Dylan, Robert Duvall, Martin Sheen"
128,The House Next Door: Meet the Blacks 2,"Deon Taylor (director/screenplay); Corey Harrell (screenplay); Mike Epps, Katt Williams, Bresha Webb, Lil Duval, Zulay Henao, Tyrin Turner, Michael Blackson, Andrew Bachelor, Gary Owen, Danny Trejo"
129,Queen Bees,"Michael Lembeck (director); Donald Martin (screenplay); Ellen Burstyn, James Caan, Ann-Margret, Jane Curtin, Christopher Lloyd, Loretta Devine"
130,DOMINO: Battle of the Bones,"Baron Davis, Carl Reid, Steven V. Vasquez Jr. (directors); Baron Davis, Carl Reid, Pamela Azmi-Andrew (screenplay); David Arquette, Snoop Dogg, Tom Lister Jr., Carlito Olivero"
131,Hitman's Wife's Bodyguard,"Patrick Hughes (director); Tom O'Connor, Brandon Murphy, Phillip Murphy (screenplay); Ryan Reynolds, Samuel L. Jackson, Salma Hayek, Frank Grillo, Richard E. Grant, Antonio Banderas, Morgan Freeman"
132,Luca,"Enrico Casarosa (director); Mike Jones, Jesse Andrews (screenplay); Jacob Tremblay, Jack Dylan Grazer, Emma Berman, Saverio Raimondo, Maya Rudolph, Marco Baricelli, Jim Gaffigan, Peter Sohn, Lorenzo Crisci, Marina Massironi, Sandy Martin"
133,Fatherhood,"Paul Weitz (director/screenplay); Dana Stevens (screenplay); Kevin Hart, Alfre Woodard, Lil Rel Howery, DeWanda Wise, Anthony Carrigan, Melody Hurd, Paul Reiser"
134,The Birthday Cake,"Jimmy Giannopoulos (director/screenplay); Diomedes Raul Bermudez, Shiloh Fernandez (screenplay); Shiloh Fernandez, Val Kilmer, Ewan McGregor, Ashley Benson, Lorraine Bracco, David Mazouz"
135,Rita Moreno: Just a Girl Who Decided to Go for It,"Mariem Pérez Riera (director/screenplay); Rita Moreno, Eva Longoria, George Chakiris, Gloria Estefan, Héctor Elizondo, Karen Olivo, Justina Machado, Lin-Manuel Miranda, Mitzi Gaynor, Morgan Freeman, Norman Lear, Terrence McNally, Whoopi Goldberg"
136,The Sparks Brothers,"Edgar Wright (director/screenplay); Ron Mael, Russell Mael"
137,Truman & Tennessee: An Intimate Conversation,"Lisa Immordino Vreeland (director/screenplay); Jim Parsons, Zachary Quinto"
138,Stalker,"Tyler Savage (director/screenplay); Dash Hawkins (screenplay); Christine Ko, Vincent van Horn, Michael Joplin, Dusty Sorg, Carla Valentine, Scott Subiono"
139,Love Spreads,"Jamie Adams (director/screenplay); Alia Shawkat, Eiza González, Chanel Cresswell, Nick Helm, Dolly Wells, Tara Lee"
140,A Crime on the Bayou,"Nancy Buirski (director/screenplay); Gary Duncan, Richard Sobol"
141,Good on Paper,"Kimmy Gatewood (director); Iliza Shlesinger (screenplay); Iliza Shlesinger, Ryan Hansen, Margaret Cho, Rebecca Rittenhouse"
142,F9,"Justin Lin (director/screenplay); Daniel Casey (screenplay); Vin Diesel, John Cena, Michelle Rodriguez, Tyrese Gibson, Chris ""Ludacris"" Bridges, Jordana Brewster, Nathalie Emmanuel, Sung Kang, Michael Rooker, Helen Mirren, Kurt Russell, Charlize Theron"
143,The Ice Road,"Jonathan Hensleigh (director/screenplay); Liam Neeson, Benjamin Walker, Amber Midthunder, Marcus Thomas, Holt McCallany, Martin Sensmeier, Matt McCoy, Matt Salinger, Laurence Fishburne"
144,Werewolves Within,"Josh Ruben (director); Mishna Wolff (screenplay); Sam Richardson, Milana Vayntrub, George Basil, Sarah Burns, Michael Chernus, Catherine Curtin, Harvey Guillén, Cheyenne Jackson, Michaela Watkins, Glenn Fleshler"
145,False Positive,"John Lee (director/screenplay); Ilana Glazer (screenplay); Ilana Glazer, Justin Theroux, Sophia Bush, Josh Hamilton, Pierce Brosnan"
146,Lansky,"Eytan Rockaway (director/screenplay); Harvey Keitel, Sam Worthington, AnnaSophia Robb, Minka Kelly, David James Elliott, John Magaro"
147,I Carry You with Me,"Heidi Ewing (director/screenplay); Alan Page Arriaga (screenplay); Armando Espitia, Christian Vázquez, Michelle Rodríguez, Ángeles Cruz, Arcelia Ramírez, Michelle González"
148,Mary J. Blige's My Life,"Vanessa Roth (director/screenplay); Mary J. Blige, Taraji P. Henson, Alicia Keys, Sean Combs"
149,Fathom,"Drew Xanthopoulos (director/screenplay); Michelle Fournet, Ellen Garland"
150,Rollers,"Isaiah Smallman (director); Johnny Ray Gill, Kate Cobb, Vicky Jeudy, Kevin Bigley"
151,America: The Motion Picture,"Matt Thompson (director); Dave Callaham (screenplay); Channing Tatum, Jason Mantzoukas, Olivia Munn, Bobby Moynihan, Judy Greer, Will Forte, Raoul Trujillo, Killer Mike, Simon Pegg, Andy Samberg"
152,Zola,"Janicza Bravo (director/screenplay); Jeremy O. Harris (screenplay); Taylour Paige, Riley Keough, Nicholas Braun, Ari'el Stachel, Colman Domingo"
153,No Sudden Move,"Steven Soderbergh (director); Ed Solomon (screenplay); Don Cheadle, Benicio del Toro, David Harbour, Jon Hamm, Amy Seimetz, Brendan Fraser, Kieran Culkin, Noah Jupe, Craig Grant, Julia Fox, Frankie Shaw, Ray Liotta, Bill Duke"
154,The Tomorrow War,"Chris McKay (director); Zach Dean (screenplay); Chris Pratt, Yvonne Strahovski, J. K. Simmons, Betty Gilpin, Sam Richardson, Edwin Hodge, Jasmine Mathews, Ryan Kiera Armstrong, Keith Powers"
155,The Boss Baby: Family Business,"Tom McGrath (director); Michael McCullers (screenplay); Alec Baldwin, James Marsden, Amy Sedaris, Ariana Greenblatt, Jeff Goldblum, Eva Longoria, Jimmy Kimmel, Lisa Kudrow"
156,The Forever Purge,"Everardo Gout (director); James DeMonaco (screenplay); Ana de la Reguera, Tenoch Huerta, Josh Lucas, Cassidy Freeman, Leven Rambin, Alejandro Edda, Will Patton"
157,Fear Street Part One: 1994,"Leigh Janiak (director/screenplay); Phil Graziadei (screenplay); Kiana Madeira, Olivia Scott Welch, Benjamin Flores Jr., Julia Rehwald, Fred Hechinger, Ashley Zukerman, Darrell Britt-Gibson, Maya Hawke, Jordana Spiro, Jordyn DiNatale"
158,Summer of Soul,"Questlove (director); Stevie Wonder, Nina Simone, Sly and the Family Stone, Gladys Knight & the Pips, Mahalia Jackson, B.B. King, The 5th Dimension"
159,Till Death,"S.K. Dale (director); Jason Carvey (screenplay); Megan Fox, Eoin Macken, Callan Mulvey, Jack Roth, Aml Ameen"
160,Let Us In,"Craig Moss (director/screenplay); Joe Callero (screenplay); Mackenzie Moss, Sadie Stanley, Mackenzie Ziegler, Siena Agudong, Tobin Bell"
161,Black Widow,"Cate Shortland (director); Eric Pearson (screenplay); Scarlett Johansson, Florence Pugh, David Harbour, O-T Fagbenle, Olga Kurylenko, William Hurt, Ray Winstone, Rachel Weisz"
162,Fear Street Part Two: 1978,"Leigh Janiak (director/screenplay); Zak Olkewikz (screenplay); Sadie Sink, Emily Rudd, Ryan Simpkins, McCabe Slye, Ted Sutherland, Jordana Spiro, Gillian Jacobs, Kiana Madeira, Benjamin Flores Jr., Ashley Zukerman, Olivia Scott Welch, Jordyn DiNatale"
163,Summertime,"Carlos López Estrada (director); Dave Harris (screenplay); Tyris Winter, Marquesha Babers, Maia Mayor, Austin Antoine, Bryce Banks"
164,Gunpowder Milkshake,"Navot Papushado (director/screenplay); Ehud Lavski (screenplay); Karen Gillan, Lena Headey, Carla Gugino, Chloe Coleman, Michelle Yeoh, Angela Bassett, Paul Giamatti"
165,Space Jam: A New Legacy,"Malcolm D. Lee (director); Juel Taylor, Tony Rettenmaier, Keenan Coogler, Terence Nance, Jesse Gordon, Celeste Ballard (screenplay); LeBron James, Don Cheadle, Khris Davis, Sonequa Martin-Green, Cedric Joe, Jeff Bergman, Eric Bauza, Zendaya"
166,Escape Room: Tournament of Champions,"Adam Robitel (director); Will Honley, Maria Melnik, Daniel Tuch, Oren Uziel (screenplay); Taylor Russell, Logan Miller, Indya Moore, Holland Roden, Thomas Cocquerel, Carlito Olivero, Isabelle Fuhrman"
167,Fear Street Part Three: 1666,"Leigh Janiak (director/screenplay); Phil Graziadei (screenplay); Kiana Madeira, Ashley Zukerman, Gillian Jacobs, Olivia Scott Welch, Benjamin Flores Jr., Darrell Britt-Gibson, Fred Hechinger, Julia Rehwald, Sadie Sink, Emily Rudd, McCabe Slye, Jordana Spiro, Jordyn DiNatale"
168,Die in a Gunfight,"Colin Schiffli (director); Andrew Barrer, Gabriel Ferrari (screenplay); Alexandra Daddario, Diego Boneta, Justin Chatwin, Wade Allain-Marcus, Billy Crudup, Emmanuelle Chriqui, Travis Fimmel"
169,Pig,"Michael Sarnoski (director/screenplay); Nicolas Cage, Alex Wolff, Adam Arkin"
170,Out of Death,"Mike Burns (director); Bill Lawrence (screenplay); Bruce Willis, Jaime King, Lala Kent"
171,Roadrunner: A Film About Anthony Bourdain,Morgan Neville (director/screenplay); Caitrin Rogers (screenplay); Anthony Bourdain
172,How It Ends,"Daryl Wein, Zoe Lister-Jones (director/screenplay); Zoe Lister-Jones, Cailee Spaeny, Olivia Wilde, Fred Armisen, Helen Hunt, Lamorne Morris, Nick Kroll"
173,Trollhunters: Rise of the Titans,"Johane Matte, Andrew L. Schmidt, Franciso Ruiz Velasco (directors); Guillermo del Toro, Marc Guggenheim, The Hageman Brothers (screenplay); Emile Hirsch, Lexi Medrano, Charlie Saxton, Kelsey Grammer, Fred Tatasciore, Colin O'Donoghue, Diego Luna, Tatiana Maslany, Steven Yeun, Cole Sand, Alfred Molina, Nick Frost, Nick Offerman"
174,Snake Eyes,"Robert Schwentke (director); Evan Spiliotopoulos, Joe Shrapnel, Anna Waterhouse (screenplay); Henry Golding, Andrew Koji, Úrsula Corberó, Samara Weaving, Iko Uwais, Haruka Abe, Takehiro Hira, Peter Mensah"
175,Old,"M. Night Shyamalan (director/screenplay); Gael García Bernal, Vicky Krieps, Rufus Sewell, Alex Wolff, Thomasin McKenzie, Abbey Lee, Nikki Amuka-Bird, Ken Leung, Eliza Scanlen, Aaron Pierre, Embeth Davidtz, Emun Elliott"
176,Joe Bell,"Reinaldo Marcus Green (director); Diana Ossana, Larry McMurtry (screenplay); Mark Wahlberg, Reid Miller, Connie Britton, Gary Sinise"
177,Jolt,"Tanya Wexler (director); Scott Wascha (screenwriter); Kate Beckinsale, Bobby Cannavale, Laverne Cox, Stanley Tucci, Jai Courtney, Susan Sarandon"
178,Midnight in the Switchgrass,"Randall Emmett (director); Alan Horsnail (screenplay); Megan Fox, Bruce Willis, Emile Hirsch, Machine Gun Kelly, Lukas Haas"
179,Broken Diamonds,"Peter Sattler (director); Steve Waverly (screenplay); Ben Platt, Lola Kirke, Yvette Nicole Brown, Alphonso McAuley, Lynda Boyd"
180,Val,"Leo Scott, Ting Poo (directors); Val Kilmer"
181,Ailey,Jamila Wignot (director)
182,Jungle Cruise,"Jaume Collet-Serra (director); Michael Green, Glenn Ficarra, John Requa (screenplay); Dwayne Johnson, Emily Blunt, Édgar Ramírez, Jack Whitehall, Jesse Plemons, Paul Giamatti"
183,Vivo,"Kirk DeMicco (director); Quiara Alegría Hudes (screenplay); Lin-Manuel Miranda, Ynairaly Simo, Zoe Saldana, Juan de Marcos González, Michael Rooker, Brian Tyree Henry, Nicole Byer, Gloria Estefan"
184,Stillwater,"Tom McCarthy (director/screenplay); Marcus Hinchey, Thomas Bidegain, Noé Debré (screenplay); Matt Damon, Camille Cottin, Abigail Breslin"
185,The Green Knight,"David Lowery (director/screenplay); Dev Patel, Alicia Vikander, Joel Edgerton, Sarita Choudhury, Sean Harris, Ralph Ineson, Barry Keoghan, Erin Kellyman, Kate Dickie"
186,Nine Days,"Edson Oda (director/screenplay); Winston Duke, Zazie Beetz, Benedict Wong, Tony Hale, Bill Skarsgård"
187,Ride the Eagle,"Trent O'Donnell (director/screenplay); Jake Johnson (screenplay); Jake Johnson, D'Arcy Carden, J.K. Simmons, Susan Sarandon"
188,The Evening Hour,"Braden King (director); Elizabeth Palmore (screenplay); Philip Ettinger, Stacy Martin, Cosmo Jarvis, Michael Trotter, Kerry Bishé, Lili Taylor"
189,Lorelei,"Sabrina Doyle (director/screenplay); Pablo Schreiber, Jena Malone"
190,Enemies of the State,Sonia Kennebeck (director)
191,The Suicide Squad,"James Gunn (director/screenplay); Idris Elba, Margot Robbie, John Cena, Joel Kinnaman, Sylvester Stallone, Viola Davis, David Dastmalchian, Daniela Melchior, Michael Rooker, Jai Courtney, Peter Capaldi, Alice Braga, Pete Davidson, Nathan Fillion, Sean Gunn, Flula Borg, Mayling Ng"
192,Naked Singularity,"Chase Palmer (director/screenplay); David Matthews (screenplay); John Boyega, Olivia Cooke, Bill Skarsgård, Ed Skrein, Linda Lavin, Tim Blake Nelson"
193,John and the Hole,"Pascual Sisto (director); Nicolás Giacobone (screenplay); Charlie Shotwell, Michael C. Hall, Jennifer Ehle, Taissa Farmiga"
194,Playing God,"Scott Brignac (director/screenplay); Hannah Kasulka, Luke Benward, Jude Demorest, Marc Menchaca, Alan Tudyk, Michael McKean"
195,Swan Song,"Todd Stephens (director/screenplay); Udo Kier, Jennifer Coolidge, Linda Evans, Michael Urie, Ira Hawkins, Stephanie McVay"
196,She Ball,"Nick Cannon (director/screenplay); Glenda L. Richardson (screenplay); Nick Cannon, Chris Brown, Jaliyuh Manuel, K.D. Aubert, Rebecca De Mornay, Tammy Brawner, Evan Ross"
197,The Kissing Booth 3,"Vince Marcello (director/screenplay); Jay Arnold (screenplay); Joey King, Joel Courtney, Jacob Elordi, Taylor Zakhar Perez, Maisie Richardson-Sellers, Meganne Young, Molly Ringwald"
198,Homeroom,Peter Nicks (director)
199,Free Guy,"Shawn Levy (director); Matt Lieberman, Zak Penn (screenplay); Ryan Reynolds, Jodie Comer, Lil Rel Howery, Utkarsh Ambudkar, Joe Keery, Taika Waititi"
200,Respect,"Liesl Tommy (director); Tracey Scott Wilson (screenplay); Jennifer Hudson, Forest Whitaker, Marlon Wayans, Audra McDonald, Marc Maron, Tituss Burgess, Mary J. Blige"
201,Beckett,"Ferdinando Cito Filomarino (director); Kevin A. Rice (screenplay); John David Washington, Boyd Holbrook, Vicky Krieps, Alicia Vikander"
202,Don't Breathe 2,"Rodo Sayagues (director/screenplay); Fede Álvarez (screenplay); Stephen Lang, Brendan Sexton III, Madelyn Grace"
203,CODA,"Sian Heder (director/screenplay); Emilia Jones, Eugenio Derbez, Troy Kotsur, Ferdia Walsh-Peelo, Daniel Durant, Marlee Matlin"
204,Not Going Quietly,Nicholas Bruckman (director/screenplay); Amanda Roddy (screenplay)
205,PAW Patrol: The Movie,"Cal Brunker (director); Cal Brunker, Bob Barlen, Billy Frolick (screenplay); Iain Armitage, Marsai Martin, Ron Pardo, Yara Shahidi, Kim Kardashian West, Randall Park, Dax Shepard, Tyler Perry, Jimmy Kimmel, Will Brisbin"
206,Reminiscence,"Lisa Joy (director/screenplay); Hugh Jackman, Rebecca Ferguson, Thandiwe Newton, Cliff Curtis, Marina de Tavira, Daniel Wu"
207,The Protégé,"Martin Campbell (director); Richard Wenk (screenplay); Michael Keaton, Maggie Q, Samuel L. Jackson, Robert Patrick"
208,Sweet Girl,"Brian Andrew Mendoza (director); Philip Eisner, Gregg Hurwitz (screenplay); Jason Momoa, Isabela Merced, Manuel Garcia-Rulfo, Raza Jaffrey, Justin Bartha, Lex Scott Davis, Michael Raymond-James, Adria Arjona, Amy Brenneman"
209,The Loud House Movie,"Dave Needham (director); Asher Bishop, David Tennant, Michelle Gomez, Jill Talley, Brian Stepanek, Catherine Taber, Liliana Mumy, Nika Futterman, Cristina Pucelli, Jessica DiCicco, Grey Griffin, Lara Jill Miller, Katy Townsend, Andre Robinson"
210,The Night House,"David Bruckner (director); Ben Collins, Luke Piotrowski (screenplay); Rebecca Hall, Sarah Goldberg, Evan Jonigkeit, Stacy Martin, Vondie Curtis-Hall"
211,Flag Day,"Sean Penn (director); Jez Butterworth, John-Henry Butterworth (screenplay); Dylan Penn, Sean Penn, Katheryn Winnick, Eddie Marsan, Josh Brolin, Regina King"
212,Cryptozoo,"Dash Shaw (director/screenplay); Lake Bell, Michael Cera, Angeliki Papoulia, Zoe Kazan, Peter Stormare, Grace Zabriskie, Louisa Krause, Thomas Jay Ryan, Alex Karpovsky"
213,Habit,"Janell Shirtcliff (director); Suki Kaiser (screenplay); Josie Ho, Bella Thorne, Gavin Rossdale, Hana Mae Lee, Paris Jackson"
214,Demonic,"Neill Blomkamp (director/screenplay); Carly Pope, Chris William Martin, Michael Rogers, Nathalie Boltt, Terry Chen"
215,Risen,"Eddie Arya (director/screenplay); Caroline McQuade, Kenneth Trujillo, Wassim Hawat, Buffy Anne Littaua, Nicole Sharrock, Melissa Brattoni, Anthony Moisset, Marcus Johnson"
216,The Witcher: Nightmare of the Wolf,"Kwang Il Han (director); Beau DeMayo (screenplay); Theo James, Lara Pulver, Graham McTavish, Mary McDonnell"
217,Really Love,"Angel Kristi Williams (director/screenplay); Felicia Pride (screenplay); Kofi Siriboe, Yootha Wong-Loi-Sing, Blair Underwood, Uzo Aduba, Tristan Wilds"
218,Candyman,"Nia DaCosta (director/screenplay); Jordan Peele, Win Rosenfeld (screenplay); Yahya Abdul-Mateen II, Teyonah Parris, Nathan Stewart-Jarrett, Colman Domingo, Kyle Kaminsky, Vanessa Estelle Williams"
219,Vacation Friends,"Clay Tarver (director/screenplay); Tom Mullen, Tim Mullen, Jonathan Goldstein, John Francis Daley (screenplay); John Cena, Lil Rel Howery, Yvonne Orji, Meredith Hagner, Lynn Whitfield, Andrew Bachelor"
220,He's All That,"Mark Waters (director); R. Lee Fleming (screenplay); Addison Rae, Tanner Buchanan, Madison Pettis, Rachael Leigh Cook, Peyton Meyer, Matthew Lillard"
221,No Man of God,"Amber Sealey (director); C. Robert Cargill (screenplay); Elijah Wood, Luke Kirby, Aleksa Palladino, Robert Patrick"
222,Rushed,"Vibeke Muasya (director); Siobhan Fallon Hogan (screenplay), Siobhan Fallon Hogan, Robert Patrick, Jake Weary, Peri Gilpin"
223,Afterlife of the Party,"Stephen Herek (director); Carrie Freedle (screenplay); Victoria Justice, Midori Francis, Timothy Renouf, Adam Garcia, Gloria Garcia, Spencer Sutherland"
224,Shang-Chi and the Legend of the Ten Rings,"Destin Daniel Cretton (director/screenplay); David Callaham, Andrew Lanham (screenplay); Simu Liu, Awkwafina, Meng'er Zhang, Fala Chen, Florian Munteanu, Benedict Wong, Michelle Yeoh, Ben Kingsley, Tony Leung"
225,Cinderella,"Kay Cannon (director/screenwriter); Camila Cabello, Idina Menzel, Nicholas Galitzine, Minnie Driver, Pierce Brosnan, Billy Porter"
226,Worth,"Sara Colangelo (director); Max Borenstein (screenplay); Michael Keaton, Stanley Tucci, Amy Ryan, Tate Donovan, Shunori Ramanathan, Laura Benanti, Marc Maron"
227,The Gateway,"Michele Civetta (director/screenplay); Alexander Felix Bendaña, Andrew Levitas (screenplay); Shea Whigham, Olivia Munn, Frank Grillo, Bruce Dern, Keith David"
228,Wild Indian,"Lyle Mitcell Corbine, Jr. (director/screenplay); Michael Greyeyes, Chaske Spencer, Jesse Eisenberg, Kate Bosworth"
229,We Need to Do Something,"Sean King O'Grady (director); Max Booth III (screenwriter); Sierra McCormick, Vinessa Shaw, Pat Healy, Ozzy Osbourne"
230,Kate,"Cedric Nicolas-Troyan (director); Umair Aleem (screenplay); Mary Elizabeth Winstead, Miku Martineau, Woody Harrelson, Tadanobu Asano, Michiel Huisman, Miyavi, Jun Kunimura"
231,Everybody's Talking About Jamie,"Jonathan Butterell (director); Tom MacRae (screenplay); Max Harwood, Sarah Lancashire, Lauren Patel, Shobna Gulati, Ralph Ineson, Adeel Akhtar, Samuel Bottomley, Sharon Horgan, Richard E. Grant"
232,Malignant,"James Wan (director); Akela Cooper (screenplay); Annabelle Wallis, Maddie Hasson, George Young, Michole Briana White, Jacqueline McKenzie"
233,Queenpins,"Aron Gaudet, Gita Pullapilly (directors/screenplay); Kristen Bell, Kirby Howell-Baptiste, Paul Walter Hauser, Bebe Rexha, Vince Vaughn"
234,The Card Counter,"Paul Schrader (director/screenplay); Oscar Isaac, Tiffany Haddish, Tye Sheridan, Willem Dafoe"
235,Come from Away,"Christopher Ashley (director); Irene Sankoff, David Hein (screenplay); Petrina Bromley, Jenn Colella, De'Lon Grant, Joel Hatch, Tony LePage, Caesar Samayoa, Q. Smith, Astrid Van Wieren, Emily Walton, Jim Walton, Sharon Wheatley, Paul Whitty"
236,The Voyeurs,"Michael Mohan (director/screenplay); Sydney Sweeney, Justice Smith, Ben Hardy, Natasha Liu Bordizzo"
237,Small Engine Repair,"John Pollono (director/screenplay); Jon Bernthal, Shea Whigham, Jordana Spiro, John Pollono, Ciara Bravo, Spencer House"
238,Language Lessons,"Natalie Morales (director/screenplay), Mark Duplass (screenplay), Natalie Morales, Mark Duplass, Desean Terry"
239,Show Me the Father,"Rick Altizer (director); Sherman Smith, Tony Evans, Steven Kendrick, Alex Kendrick, Deland McCullough, Jim Daly, Eddie George"
240,Catch the Bullet,"Michael Feifer (director); Jerry Robbins (screenplay); Jay Pickett, Peter Facinelli, Tom Skerritt"
241,Dating and New York,"Jonah Feingold (director/screenplay); Francesca Reale, Jaboukie Young-White, Catherine Cohen, Brian Muller, Jerry Ferrara"
242,Bad Candy,"Scott B. Hansen, Desiree Connell (director/screenplay); Zach Galligan, Derek Russo, Corey Taylor"
243,Generation Wrecks,"Kevin T. Morales (director/screenplay); Victoria Leigh, Bridget McGarry (screenplay); Bridget McGarry, Victoria Leigh, Okieriete Onaodowan, Emily Bergl, Heather Matarazzo"
244,My Son,"Christian Carion (director/screenplay); Laurie Irrmann (screenplay); James McAvoy, Claire Foy, Gary Lewis, Tom Cullen"
245,Nightbooks,"David Yarovesky (director); Mikki Daughtry, Tobias Iaconis (screenplay); Winslow Fegley, Lidya Jewett, Krysten Ritter"
246,The Starling,"Theodore Melfi (director); Matt Harris (screenpaly); Melissa McCarthy, Chris O'Dowd, Timothy Olyphant, Daveed Diggs, Skyler Gisondo, Laura Harrier, Rosalind Chao, Loretta Devine, Kevin Kline"
247,The Eyes of Tammy Faye,"Michael Showalter (director); Abe Sylvia (screenplay); Jessica Chastain, Andrew Garfield, Cherry Jones, Vincent D'Onofrio"
248,Cry Macho,"Clint Eastwood (director); Nick Schenk, N. Richard Nash (screenplay); Clint Eastwood, Dwight Yoakam, Eduardo Minett"
249,Copshop,"Joe Carnahan (director/screenplay); Kurt McLeod (screenplay); Gerard Butler, Frank Grillo, Alexis Louder, Toby Huss"
250,Blue Bayou,"Justin Chon (director/screenplay); Justin Chon, Alicia Vikander, Mark O'Brien, Linh Dan Pham, Sydney Kowalske, Vondie Curtis-Hall, Emory Cohen"
251,Prisoners of the Ghostland,"Sion Sono (director); Aaron Hendry, Reza Sixo Safai (screenplay); Nicolas Cage, Sofia Boutella, Bill Moseley, Nick Cassavetes, Tak Sakaguchi, Ed Skrein"
252,Best Sellers,"Lina Roessler (director); Anthony Grieco (screenplay); Michael Caine, Aubrey Plaza, Scott Speedman, Ellen Wong, Veronica Ferres, Cary Elwes"
253,Lady of the Manor,"Justin Long, Christian Long (directors/screenplay); Melanie Lynskey, Judy Greer, Justin Long, Ryan Phillippe, Luis Guzmán"
254,The Nowhere Inn,"Bill Benz (director); Annie Clark, Carrie Brownstein (screenplay); Annie Clark, Carrie Brownstein, Dakota Johnson"
255,My Name is Pauli Murray,"Betsy West, Julie Cohen (director); Talleah Bridges McMahon, Julie Cohen, Betsy West, Cinque Northern (screenplay)"
256,The Killing of Kenneth Chamberlain,"David Midell (director/screenplay); Frankie Faison, Steve O'Connell, Enrico Natale, Ben Marten, LaRoyce Hawkins, Anika Noni Rose"
257,Intrusion,"Adam Salky (director); Chris Sparling (screenplay); Freida Pinto, Logan Marshall-Green, Robert John Burke"
258,My Little Pony: A New Generation,"Robert Cullen, Jose Ucha (directors); Gillian Berrow, Tim Sullivan (screenplay); Vanessa Hudgens, Kimiko Glenn, James Marsden, Sofia Carson, Liza Koshy, Ken Jeong, Elizabeth Perkins, Jane Krakowski, Michael McKean, Phil LaMarr"
259,Dear Evan Hansen,"Stephen Chbosky (director); Steven Levenson (screenplay); Ben Platt, Kaitlyn Dever, Amandla Stenberg, Nik Dodani, Colton Ryan, Danny Pino, Julianne Moore, Amy Adams"
260,The Guilty,"Antoine Fuqua (director); Nic Pizzolatto (screenplay); Jake Gyllenhaal, Ethan Hawke, Riley Keough, Christina Vidal, Eli Goree, Da'Vine Joy Randolph, Paul Dano, Peter Sarsgaard"
261,Birds of Paradise,"Sarah Adina Smith (director/screenplay); Kristine Froseth, Diana Silvers, Jacqueline Bisset, Stav Strashko"
262,After We Fell,"Castille Landon (director); Sharon Soboil (screenplay); Josephine Langford, Hero Fiennes Tiffin, Louise Lombard, Rob Estes, Arielle Kebbel, Chance Perdomo, Frances Turner, Kiana Madeira, Carter Jenkins, Stephen Moyer, Mira Sorvino"
263,Venom: Let There Be Carnage,"Andy Serkis (director), Kelly Marcel (screenplay); Tom Hardy, Michelle Williams, Naomie Harris, Reid Scott, Stephen Graham, Woody Harrelson"
264,The Many Saints of Newark,"Alan Taylor (director); David Chase, Lawrence Konner (screenplay); Alessandro Nivola, Michael Gandolfini, Leslie Odom Jr., Jon Bernthal, Corey Stoll, Billy Magnussen, Michela De Rossi, John Magaro, Ray Liotta, Vera Farmiga"
265,The Addams Family 2,"Conrad Vernon, Greg Tiernan (directors); Dan Hernandez, Benji Samit, Ben Queen, Susanna Fogel (screenplay); Oscar Isaac, Charlize Theron, Chloë Grace Moretz, Nick Kroll, Javon Walton, Wallace Shawn, Snoop Dogg, Bette Midler, Bill Hader"
266,Bingo Hell,"Gigi Saul Guerrero (director/screenplay); Shane McKenzie, Perry Blackshear (screenplay); L. Scott Caldwell, Adriana Barraza, Joshua Caleb Johnson"
267,Black as Night,"Maritte Lee Go (director); Sherman Payne (screenplay); Ashja Cooper, Theodus Crane, Kenneisha Thompson, Al Mitchell"
268,Old Henry,"Potsy Ponciroli (director/screenplay); Tim Blake Nelson, Scott Haze, Gavin Lewis, Trace Adkins, Stephen Dorff"
269,The Jesus Music,"Erwin brothers (director); Jon Erwin (screenplay); Amy Grant, Michael W. Smith, TobyMac, Kirk Franklin, Lauren Daigle"
270,Mayday,"Karen Cinorre (director/screenplay); Grace Van Patten, Mia Goth, Havana Rose Liu, Soko, Juliette Lewis"
271,God's Not Dead: We the People,"Vance Null (director); Tommy Blaze (screenplay); David A. R. White, Antonio Sabàto Jr., Francesca Battistelli, William Forsythe, Isaiah Washington, Jeanine Pirro"
272,There's Someone Inside Your House,"Patrick Brice (director); Henry Gayden (screenplay); Sydney Park, Theodore Pellerin, Asjha Cooper, Jesse LaTourette, Diego Josef"
273,No Time to Die,"Cary Joji Fukunaga (director/screenplay); Neal Purvis and Robert Wade, Phoebe Waller-Bridge (screenplay); Daniel Craig, Rami Malek, Léa Seydoux, Lashana Lynch, Ben Whishaw, Naomie Harris, Billy Magnussen, Ana de Armas, David Dencik, Jeffrey Wright, Christoph Waltz, Ralph Fiennes"
274,Mass,"Fran Kranz (director/screenplay); Reed Birney, Ann Dowd, Jason Isaacs, Martha Plimpton"
275,South of Heaven,"Aharon Keshales (director/screenplay); Navot Papushado, Kai Mark (screenplay); Jason Sudeikis, Evangeline Lilly, Shea Whigham, Mike Colter"
276,The Manor,"Axelle Carolyn (director/screenwriter); Barbara Hershey, Bruce Davison, Stacey Travis, Ciera Payton, Jill Larson, Mark Steger"
277,Madres,"Ryan Zaragoza (director); Marcella Ochoa, Mario Miscione (screenplay); Elpidia Carrillo, Tenoch Huerta"
278,Justin Bieber: Our World,"Michael D. Ratner (director); Justin Bieber, Hailey Bieber"
279,Halloween Kills,"David Gordon Green (director/screenplay); Danny McBride, Scott Teems (screenplay); Jamie Lee Curtis, Judy Greer, Andi Matichak, Will Patton, Thomas Mann, Anthony Michael Hall"
280,The Last Duel,"Ridley Scott (director); Nicole Holofcener, Ben Affleck, Matt Damon (screenplay); Matt Damon, Adam Driver, Jodie Comer, Ben Affleck"
281,Needle in a Timestack,"John Ridley (director/sceenplay); Leslie Odom Jr., Freida Pinto, Cynthia Erivo, Orlando Bloom"
282,Hard Luck Love Song,"Justin Corsbie (director/screenplay); Craig Ugoretz (screenplay); Michael Dorman, Sophia Bush, Dermot Mulroney, Eric Roberts, Brian Sacca, Melora Walters, RZA"
283,"Introducing, Selma Blair",Rachel Fleit (director); Selma Blair
284,The Velvet Underground,Todd Haynes (director); The Velvet Underground
285,Night Teeth,"Adam Randall (director); Brent Dillon (screenplay); Jorge Lendeborg Jr., Debby Ryan, Lucy Fry, Alfie Allen, Raúl Castillo, Alexander Ludwig"
286,Dune,"Denis Villeneuve (director/screenplay); Jon Spaihts, Eric Roth (screenplay); Timothee Chalamet, Rebecca Ferguson, Oscar Isaac, Josh Brolin, Stellan Skarsgard, Dave Bautista, Stephen McKinley Henderson, Zendaya, Chang Chen, Sharon Duncan-Brewster, Charlotte Rampling, Jason Momoa, Javier Bardem"
287,Ron's Gone Wrong,"Sarah Smith, Jean-Philippe Vine (directors); Peter Baynham, Sarah Smith (screenplay); Zach Galifianakis, Jack Dylan Grazer, Ed Helms, Justice Smith, Rob Delaney, Kylie Cantrall, Ricardo Hurtado, Olivia Colman"
288,The French Dispatch,"Wes Anderson (director/screenplay); Benicio del Toro, Adrien Brody, Tilda Swinton, Léa Seydoux, Frances McDormand, Timothée Chalamet, Lyna Khoudri, Jeffrey Wright, Mathieu Amalric, Stephen Park, Bill Murray, Owen Wilson"
289,The Harder They Fall,"Jeymes Samuel (director/screenplay); Boaz Yakin (screenplay); Jonathan Majors, Idris Elba, Zazie Beetz, Regina King, Delroy Lindo, Lakeith Stanfield, RJ Cyler, Danielle Deadwyler, Edi Gathegi, Deon Cole"
290,The Electrical Life of Louis Wain,"Will Sharpe (director/screenplay); Simon Stephenson (screenplay); Benedict Cumberbatch, Claire Foy, Andrea Riseborough, Toby Jones, Olivia Colman"
291,Warning,"Agata Alexander (director/screenplay); Jason Kaye, Rob Michaelson (screenplay); Alex Pettyfer, Alice Eve, Annabelle Wallis, Benedict Samuel, Charlotte Le Bon, Thomas Jane"
292,Passing,"Rebecca Hall (director/screenplay); Tessa Thompson, Ruth Negga, André Holland, Bill Camp, Gbenga Akinnagbe, Antoinette Crowe-Legacy, Alexander Skarsgård"
293,Hypnotic,"Matt Angel, Suzanne Coote (director); Richard D'Ovidio (screenplay); Kate Siegel, Jason O'Mara, Dulé Hill"
294,Antlers,"Scott Cooper (director/screenplay); Nick Antosca, C. Henry Chaisson (screenplay); Keri Russell, Jesse Plemons, Jeremy T. Thomas, Graham Greene, Scott Haze, Rory Cochrane, Amy Madigan"
295,Army of Thieves,"Matthias Schweighöfer (director); Shay Hatten (screenplay); Matthias Schweighöfer, Nathalie Emmanuel, Ruby O. Fee, Stuart Martin, Guz Khan, Jonathan Cohen"
296,A Mouthful of Air,"Amy Koppelman (director/screenplay); Amanda Seyfried, Finn Wittrock, Jennifer Carpenter, Michael Gaston, Amy Irving, Paul Giamatti"
297,The Souvenir Part II,"Joanna Hogg (director/screenplay); Honor Swinton Byrne, Jaygann Ayeh, Richard Ayoade, Ariane Labed, James Spencer Ashworth, Harris Dickinson, Charlie Heaton, Joe Alwyn, Tilda Swinton"
298,Paranormal Activity: Next of Kin,"William Eubank (director); Christopher Landon (screenplay); Emily Bader, Roland Buck III, Dan Lippert, Henry Ayres-Brown"
299,The Spine of Night,"Philip Gelatt, Morgan Galen King (director/screenplay); Richard E. Grant, Lucy Lawless, Patton Oswalt, Betty Gabriel, Joe Manganiello"
300,Violet,"Justine Bateman (director/screenplay); Olivia Munn, Luke Bracey, Justin Theroux"
301,Heart of Champions,"Michael Mailer (director); Vojin Gjaja (screenplay); Michael Shannon, Alexander Ludwig, Charles Melton"
302,Eternals,"Chloé Zhao (director/screenplay); Patrick Burleigh (screenplay); Gemma Chan, Richard Madden, Kumail Nanjiani, Lia McHugh, Brian Tyree Henry, Lauren Ridloff, Barry Keoghan, Don Lee, Harish Patel, Bill Skarsgård, Kit Harington, Salma Hayek, Angelina Jolie"
303,Red Notice,"Rawson Marshall Thurber (director/screenplay); Dwayne Johnson, Ryan Reynolds, Gal Gadot, Chris Diamantopoulos, Ritu Arya"
304,Finch,"Miguel Sapochnik (director); Craig Luck, Igor Powell (screenplay); Tom Hanks, Caleb Landry Jones"
305,Spencer,"Pablo Larraín (director); Steven Knight (screenplay); Kristen Stewart, Timothy Spall, Jack Farthing, Sean Harris, Sally Hawkins"
306,Dangerous,"David Hackl (director); Chris Borrelli (screenplay); Mel Gibson, Scott Eastwood, Tyrese Gibson, Famke Janssen, Kevin Durand"
307,Love Hard,"Hernán Jiménez (director); Danny Mackey, Rebecca Ewing (screenplay); Nina Dobrev, Jimmy O. Yang, Darren Barnet"
308,The Beta Test,"Jim Cummings, PJ McCabe (directors/screenplay); Jim Cummings, Virginia Newcomb, PJ McCabe, Jessie Barr"
309,Clifford the Big Red Dog,"Walt Becker (director); Jay Scherick, David Ronn, Blaise Hemingway (screenplay); Jack Whitehall, Darby Camp, Tony Hale, Sienna Guillory, David Alan Grier, Russell Wong, Kenan Thompson, John Cleese"
310,"Tick, Tick... Boom!","Lin-Manuel Miranda (director); Steven Levenson (sceenplay); Andrew Garfield, Alexandra Shipp, Robin de Jesús, Joshua Henry, Judith Light, Vanessa Hudgens, Bradley Whitford"
311,Home Sweet Home Alone,"Dan Mazer (director); Mikey Day, Streeter Seidell (screenplay); Ellie Kemper, Rob Delaney, Archie Yates, Aisling Bea, Pete Holmes, Kenan Thompson, Ally Maki, Chris Parnell"
312,Apex,"Edward John Drake (director/screenplay); Corey William Large (screenplay); Neal McDonough, Bruce Willis"
313,The Power of the Dog,"Jane Campion (director/screenplay); Benedict Cumberbatch, Kirsten Dunst, Jesse Plemons, Kodi Smit-McPhee, Thomasin McKenzie, Genevieve Lemon, Keith Carradine, Frances Conroy"
314,Bruised,"Halle Berry (director); Michelle Rosenfarb (screenplay); Halle Berry, Shamier Anderson, Adan Canto, Sheila Atim, Valentina Shevchenko, Stephen McKinley Henderson"
315,The Princess Switch 3: Romancing the Star,"Michael Rohl (director); Robin Bernheim (screenplay); Vanessa Hudgens, Sam Palladio, Nick Sagar"
316,Ghostbusters: Afterlife,"Jason Reitman (director/screenplay); Gil Kenan (screenplay); Carrie Coon, Finn Wolfhard, Mckenna Grace, Paul Rudd, Logan Kim, Celeste O'Connor, Bill Murray, Dan Aykroyd, Ernie Hudson, Sigourney Weaver, Annie Potts"
317,King Richard,"Reinaldo Marcus Green (director); Zach Baylin (screenplay); Will Smith, Aunjanue Ellis, Saniyya Sidney, Demi Singleton, Tony Goldwyn, Jon Bernthal, Dylan McDermott"
318,Extinct,"David Silverman, Raymond S. Persi (directors); Joel Cohen, John Frink, Rob LaZebnik (screenplay); Adam DeVine, Rachel Bloom, Zazie Beetz, Ken Jeong, Jim Jefferies, Catherine O'Hara, Tom Hollander, Reggie Watts, Henry Winkler, Benedict Wong, Nick Frost, Alex Borstein"
319,C'mon C'mon,"Mike Mills (director/screenplay); Joaquin Phoenix, Gaby Hoffmann, Woody Norman, Scoot McNairy, Molly Webster, Jaboukie Young-White"
320,Black Friday,"Casey Tebo (director); Andy Greskoviak (screenplay); Devon Sawa, Ivana Baquero, Ryan Lee, Michael Jai White, Bruce Campbell"
321,Zeros and Ones,"Abel Ferrara (director/screenplay); Ethan Hawke, Valerio Mastandrea"
322,Friend of the World,"Brian Patrick Butler (director/screenplay); Nick Young, Alexandra Slade, Michael C. Burgess, Kathryn Schott, Kevin Smith, Luke Pensabene"
323,Encanto,"Byron Howard, Jared Bush, Chasire Castro Smith (directors); Chasire Castro Smith, Jared Bush (screenplay); Stephanie Beatriz, María Cecilia Botero, John Leguizamo, Mauro Castillo, Jessica Darrow, Angie Cepeda, Carolina Gaitán, Diane Guerrero, Wilmer Valderrama"
324,House of Gucci,"Ridley Scott (director); Becky Johnston, Roberto Bentivegna (screenplay); Lady Gaga, Adam Driver, Jared Leto, Jeremy Irons, Salma Hayek, Al Pacino"
325,The Unforgivable,"Nora Fingscheidt (director); Peter Craig, Hillary Seitz, Courtenay Miles (screenplay); Sandra Bullock, Vincent D'Onofrio, Jon Bernthal, Richard Thomas, Linda Emond, Aisling Franciosi, Rob Morgan, Viola Davis"
326,Resident Evil: Welcome to Raccoon City,"Johannes Roberts (director/screenplay); Kaya Scodelario, Hannah John-Kamen, Robbie Amell, Tom Hopper, Avan Jogia, Donal Logue, Neal McDonough"
327,8-Bit Christmas,"Michael Dowse (director); Kevin Jakubowski (screenplay); Neil Patrick Harris, Winslow Fegley, June Diane Raphael, David Cross, Steve Zahn"
328,The Humans,"Stephen Karam (director/screenplay); Richard Jenkins, Jayne Houdyshell, Amy Schumer, Beanie Feldstein, Steven Yeun, June Squibb"
329,Licorice Pizza,"Paul Thomas Anderson (director/screenplay); Alana Haim, Cooper Hoffman, Sean Penn, Tom Waits, Bradley Cooper, Benny Safdie"
330,Single All the Way,"Michael Mayer (director); Chad Hodge (screenplay); Michael Urie, Philemon Chambers, Luke Macfarlane, Barry Bostwick, Kathy Najimy, Jennifer Coolidge"
331,Diary of a Wimpy Kid,"Swinton O. Scott III (director); Jeff Kinney (screenplay); Brady Noon, Ethan William Childress, Chris Diamantopoulos, Erica Cerra, Hunter Dillon"
332,Back to the Outback,"Clare Knight (director); Harry Cripps (director/screenplay); Isla Fisher, Tim Minchin, Eric Bana, Guy Pearce, Miranda Tapsell, Angus Imrie, Keith Urban, Jacki Weaver"
333,Encounter,"Michael Pierce (director/screenplay); Joe Barton (screenplay); Riz Ahmed, Octavia Spencer, Janina Gavankar, Rory Cochrane, Misha Collins, Lucian-River Chauhan, Aditya Geddada"
334,Mixtape,"Valerie Weiss (director); Stacey Menear (screenplay); Gemma Brooke Allen, Jackson Rathbone, Nick Thune, Julie Bowen"
335,Flee,Jonas Poher Rasmussen (director/screenplay); Amin (screenplay)
336,West Side Story,"Steven Spielberg (director); Tony Kushner (screenplay); Ansel Elgort, Rachel Zegler, Ariana DeBose, David Alvarez, Mike Faist, Rita Moreno, Brian d'Arcy James, Corey Stoll"
337,Don't Look Up,"Adam McKay (director/screenplay); Leonardo DiCaprio, Jennifer Lawrence, Rob Morgan, Jonah Hill, Mark Rylance, Tyler Perry, Ron Perlman, Timothée Chalamet, Ariana Grande, Scott Mescudi, Himesh Patel, Melanie Lynskey, Cate Blanchett, Meryl Streep"
338,National Champions,"Ric Roman Waugh (director); Adam Mervis (screenplay); Stephan James, J. K. Simmons, Alexander Ludwig, Lil Rel Howery, Tim Blake Nelson, Andrew Bachelor, Jeffrey Donovan, David Koechner, Kristin Chenoweth, Timothy Olyphant, Uzo Aduba"
339,Being the Ricardos,"Aaron Sorkin (director/screenplay); Nicole Kidman, Javier Bardem, J. K. Simmons, Nina Arianda, Tony Hale, Alia Shawkat, Jake Lacy, Clark Gregg"
340,Red Rocket,"Sean Baker (director/screenplay); Chris Bergoch (screenplay); Simon Rex, Bree Elrod, Suzanna Son"
341,The Hating Game,"Peter Hutchings (director); Christina Mengert (screenplay); Lucy Hale, Austin Stowell, Damon Daunno, Sakina Jaffrey, Corbin Bernsen"
342,Rumble,"Hamish Grieve (director/screenplay); Matt Lieberman, Alexandra Bracken (screenplay); Will Arnett, Terry Crews, Geraldine Viswanathan, Fred Melamed, Becky Lynch, Roman Reigns, Ben Schwartz, Jimmy Tatro, Tony Danza"
343,Spider-Man: No Way Home,"Jon Watts (director); Chris McKenna, Erik Sommers (screenplay); Tom Holland, Benedict Cumberbatch, Zendaya, Jacob Batalon, Jon Favreau, Jamie Foxx, Willem Dafoe, Alfred Molina, Benedict Wong, Tony Revolori, Marisa Tomei, Andrew Garfield, Tobey Maguire"
344,Nightmare Alley,"Guillermo del Toro (director/screenplay); Kim Morgan (screenplay); Bradley Cooper, Cate Blanchett, Toni Collette, Willem Dafoe, Richard Jenkins, Rooney Mara, Ron Perlman, Mary Steenburgen, David Strathairn"
345,The Lost Daughter,"Maggie Gyllenhaal (director/screenplay); Olivia Colman, Dakota Johnson, Jessie Buckley, Paul Mescal, Dagmara Domińczyk, Jack Farthing, Oliver Jackson-Cohen, Peter Sarsgaard, Ed Harris"
346,Cyrano,"Joe Wright (director); Erica Schmidt (screenplay); Peter Dinklage, Haley Bennett, Kelvin Harrison Jr., Bashir Salahuddin, Ben Mendelsohn"
347,Swan Song,"Benjamin Cleary (director/screenplay); Mahershala Ali, Naomie Harris, Glenn Close, Awkwafina, Adam Beach"
348,The Tender Bar,"George Clooney (director); William Monahan (screenplay); Ben Affleck, Tye Sheridan, Lily Rabe, Christopher Lloyd, Daniel Ranieri"
349,Mother/Android,"Mattson Tomlin (director/screenplay); Chloë Grace Moretz, Algee Smith, Raúl Castillo"
350,The Matrix Resurrections,"Lana Wachowski (director/screenplay); David Mitchell, Aleksandar Hemon (screenplay); Keanu Reeves, Carrie-Anne Moss, Yahya Abdul-Mateen II, Jessica Henwick, Jonathan Groff, Neil Patrick Harris, Priyanka Chopra Jonas, Jada Pinkett-Smith"
351,Sing 2,"Garth Jennings (director/screenplay); Matthew McConaughey, Reese Witherspoon, Scarlett Johansson, Taron Egerton, Tori Kelly, Bobby Cannavale, Nick Kroll, Halsey, Pharrell Williams, Nick Offerman, Letitia Wright, Eric Andre, Chelsea Peretti, Bono"
352,The King's Man,"Matthew Vaughn (director/screenplay); Karl Gajdusek (screenplay); Ralph Fiennes, Gemma Arterton, Rhys Ifans, Matthew Goode, Tom Hollander, Harris Dickinson, Daniel Brühl, Djimon Hounsou, Charles Dance"
353,The Tragedy of Macbeth,"Joel Coen (director/screenplay); Denzel Washington, Frances McDormand, Bertie Carvel, Alex Hassell, Corey Hawkins, Harry Melling, Brendan Gleeson"
354,A Journal for Jordan,"Denzel Washington (director); Virgil Williams (screenplay); Michael B. Jordan, Chanté Adams"
355,American Underdog,"Erwin brothers (directors); Jon Erwin, David Aaron Cohen, Jon Gunn (screenplay); Zachary Levi, Anna Paquin, Dennis Quaid"
